tree
version=v4
num_class=1
num_tree_per_iteration=1
label_index=0
max_feature_idx=9
objective=binary sigmoid:1
feature_names=amount_paise method bank is_returning_customer customer_ltv_decile initial_failure_code initial_failure_class hour_of_day day_of_week merchant_id
feature_infos=[3278:12213231] -1:2:0:1:3 -1:1:2:4:0:3:5 [0:1] [1:10] -1:24:22:13:18:3:8:14:26:10:19:27:17:12:2:15:20:7:0:16:9:25:6:11:4 -1:3:1:0:4 [0:23] [0:6] -1:2:0:1
tree_sizes=3245 3413 3361 3381 3392 3397 3368 3353 3391 3426 3371 3366 3350 3409 3362 3329 3366 3357 3389 3412 3408 3397 3289 3408 3392 3385 3386 3406 3381 3384 3443 3389 3373 3369 3347 3382 3391 3325 3369 3381 3401 3339 3392 3383 3414 3394 3388 3322 3370 3362 3385 3412 3396 3371 3341 3364 3371 3348 3401 3367 3321 3351 3370 3376 3386 3363 3387 3395 3396 3384 3407 3376 3344 3419 3382

Tree=0
num_leaves=31
num_cat=8
split_feature=5 5 6 5 1 4 0 0 0 8 0 6 0 7 5 7 7 4 0 1 0 4 4 4 0 4 0 8 8 8
split_gain=10654.7 2907.74 561.067 22.2928 59.5649 22.4355 11.3981 10.6003 7.7701 10.1174 16.2308 6.80826 8.18914 6.61517 6.15963 5.61453 5.60483 7.43479 6.23044 6.43045 5.60273 5.28088 7.34962 5.41445 5.08463 11.5631 6.33176 9.05452 8.18072 6.51631
threshold=0 1 2 3 4 4.5000000000000009 1474930.5000000002 318982.00000000006 163698.00000000003 1.5000000000000002 106948.50000000001 5 81070.000000000015 9.5000000000000018 6 22.500000000000004 9.5000000000000018 7.5000000000000009 47011.500000000007 7 185287.50000000003 3.5000000000000004 1.5000000000000002 8.5000000000000018 23181.500000000004 5.5000000000000009 61927.000000000007 5.5000000000000009 1.5000000000000002 4.5000000000000009
decision_type=9 9 9 9 1 2 2 2 2 2 2 9 2 2 9 2 2 2 2 1 2 2 2 2 2 2 2 2 2 2
left_child=-1 2 13 4 7 6 8 -3 9 -5 11 15 -13 -2 20 -11 17 24 -19 -20 -10 22 -15 -23 25 -7 28 29 -26 -28
right_child=1 3 -4 5 -6 16 -8 -9 14 10 -12 12 -14 21 -16 -17 -18 18 19 -21 -22 23 -24 -25 26 -27 27 -29 -30 -31
leaf_value=0.42665497134963459 0.54060072831429595 0.49474398932602914 0.60099802373773137 0.51562877645011529 0.53599087732044204 0.48579077819077293 0.57746526506498563 0.55720501470568817 0.56624976933037452 0.53837990093459076 0.51347418158328162 0.52813595984234818 0.4750379060260399 0.50082604421180965 0.5297000350306128 0.57395432726980311 0.52271623702445302 0.49678180920743809 0.54405616578647675 0.5162301038474385 0.53869277398222637 0.51682179405728601 0.54519300856381214 0.54887794169796056 0.52351311823335345 0.5878180303584728 0.51177590691350783 0.48253990986190015 0.47512386648665911 0.54370439545698823
leaf_weight=1861.7402904778719 146.58087904751301 113.7225261926651 3051.6321321576834 164.5248022377491 1897.6281368583441 5.1268351972103101 12.817087993025778 7.2241768687963477 20.507340788841248 230.47454591095448 103.9349317252636 36.120884343981743 9.0884805768728238 11.185822248458861 259.60429134964943 11.65189817547798 398.96099352836609 14.681391701102255 41.713795468211174 24.702024132013321 183.40087728202343 112.79037433862686 56.395187169313431 14.914429664611815 12.351012066006659 6.0589870512485504 104.16796968877316 23.070758387446404 29.828859329223633 18.87607504427433
leaf_count=7989 629 488 13095 706 8143 22 55 31 88 989 446 155 39 48 1114 50 1712 63 179 106 787 484 242 64 53 26 447 99 128 81
internal_value=0.532829 0.560688 0.594125 0.530189 0.533754 0.526005 0.530608 0.50113 0.530019 0.526032 0.530406 0.536531 0.520319 0.532592 0.534799 0.53982 0.518908 0.513493 0.526258 0.532774 0.54108 0.526547 0.53785 0.520566 0.508304 0.541056 0.506358 0.511284 0.489293 0.516674
internal_weight=8985.48 7123.74 3393.5 3730.24 2018.57 1711.66 1032.13 120.947 1019.31 555.796 391.271 287.336 45.2094 341.867 463.513 242.126 679.539 280.578 81.0972 66.4158 203.908 195.286 67.581 127.705 199.48 11.1858 188.295 146.115 42.1799 123.044
internal_count=38558 30569 14562 16007 8662 7345 4429 519 4374 2385 1679 1233 194 1467 1989 1039 2916 1204 348 285 875 838 290 548 856 48 808 627 181 528
cat_boundaries=0 1 2 3 4 5 6 7 8
cat_threshold=34277957 22028416 16 201331968 8 1 49152 12
is_linear=0
shrinkage=1


Tree=1
num_leaves=31
num_cat=7
split_feature=5 5 6 5 1 3 0 0 9 5 7 7 0 0 8 0 7 7 7 0 7 0 7 0 7 7 8 7 7 3
split_gain=9438.11 2689.71 525.17 20.0818 53.3449 19.8523 10.5837 9.44709 7.01027 8.60203 8.51071 7.50423 6.08996 8.83651 9.94037 9.03051 5.96914 4.8591 4.73093 6.56918 4.70751 5.10466 11.5063 5.86075 4.61809 4.47872 4.39444 5.91643 4.79385 4.26923
threshold=0 1 2 3 4 1.0000000180025095e-35 1474930.5000000002 318982.00000000006 5 6 10.500000000000002 1.0000000180025095e-35 167721.50000000003 78018.500000000015 1.5000000000000002 71002.000000000015 9.5000000000000018 16.500000000000004 14.500000000000002 1087860.0000000002 3.5000000000000004 413227.00000000006 6.5000000000000009 484147.50000000006 21.500000000000004 2.5000000000000004 3.5000000000000004 21.500000000000004 22.500000000000004 1.0000000180025095e-35
decision_type=9 9 9 9 1 2 2 2 1 9 2 2 2 2 2 2 2 2 2 2 2 2 2 2 2 2 2 2 2 2
left_child=-1 2 16 4 7 6 12 25 10 11 -7 -10 13 14 15 -5 -2 18 -6 -20 -13 -22 -23 -24 -25 -3 27 -12 -29 -18
right_child=1 3 -4 5 17 8 -8 -9 9 -11 26 20 -14 -15 -16 -17 29 -19 19 -21 21 22 23 24 -26 -27 -28 28 -30 -31
leaf_value=-0.098719394166020616 0.0070069531221100406 -0.010083270130529811 0.065625039389255777 -0.019356046246871376 0.0020686449035320887 -0.029125187646066211 0.04465953481916507 0.022916596982203295 -0.043554418165386008 -0.015509921822685744 -0.023906220590761921 0.016954959968600372 0.0019058935156109538 -0.013468469464341014 0.0056125339638418009 0.041715033797178377 0.0017956105945057595 0.006528162016696263 -0.0092347287559721193 0.044900619554454721 0.0010252748235731655 -0.076898142539057052 -0.050433684007052282 -0.006335287754128777 0.04746259782615992 -0.039941386777133631 -0.00072126422972321007 0.050469785356599572 -0.013099383116545805 -0.013047480526819028
leaf_weight=1909.0460661202669 146.2982507199049 14.353598415851591 2995.0580817461014 79.123256206512451 1178.3252793550491 122.32029241323471 11.973741590976713 7.1782622784376136 10.533022373914717 258.93796271085739 72.433106824755669 33.440271347761154 410.91788476705551 233.36156533658504 203.86951225996017 6.5545892715454093 88.32384629547596 562.38251969218254 149.73580130934715 5.8217652142047873 154.4857461899519 7.0193510055541983 6.5383068174123755 27.335730761289597 4.6706608533859244 100.47518891096115 59.112772181630135 5.1408705413341504 7.0094029158353806 107.29162384569645
leaf_count=7989 629 61 13095 338 5060 522 52 31 45 1108 310 143 1764 998 876 28 379 2415 643 25 661 30 28 117 20 427 253 22 30 459
internal_value=-0.000367059 0.0262925 0.0588564 -0.00289594 0.000490143 -0.00686106 -0.00205009 -0.030251 -0.0128675 -0.0093956 -0.0194319 -0.00218254 -0.00264902 -0.0062284 -0.000393248 -0.0146839 -0.000614313 0.00261637 0.000986719 -0.00720871 -0.000409676 -0.00331234 -0.0180191 -0.0072967 0.00151538 -0.0362091 -0.0111805 -0.0184902 0.0137972 -0.00634556
internal_weight=8979.07 7070.02 3336.97 3733.05 2018.27 1714.78 945.801 122.007 768.977 502.961 266.016 244.023 933.827 522.909 289.547 85.6778 341.914 1896.27 1333.88 155.558 233.49 200.05 45.564 38.5447 32.0064 114.829 143.696 84.5834 12.1503 195.615
internal_count=38558 30569 14562 16007 8662 7345 4056 519 3289 2152 1137 1044 4004 2240 1242 366 1467 8143 5728 668 999 856 195 165 137 488 615 362 52 838
cat_boundaries=0 1 2 3 4 5 6 7
cat_threshold=34277957 22028416 16 201331968 8 1 32776
is_linear=0
shrinkage=0.05


Tree=2
num_leaves=31
num_cat=6
split_feature=6 6 1 4 6 1 0 7 0 0 7 4 8 0 4 7 4 0 4 7 7 1 7 0 0 4 0 7 7 0
split_gain=8409.32 1582.02 45.4702 10.6757 15.138 18.0753 8.20091 7.78546 5.07289 4.76034 5.34675 4.53126 6.24103 4.42568 11.2805 4.13807 3.91993 3.75047 4.0131 3.91732 3.48052 5.03082 3.71318 6.76272 3.32912 3.24589 3.5391 5.43249 3.22189 4.24461
threshold=0 1 2 3.5000000000000004 3 4 1474930.5000000002 12.500000000000002 546473.00000000012 609958.00000000012 2.5000000000000004 7.5000000000000009 4.5000000000000009 32493.500000000004 7.5000000000000009 22.500000000000004 2.5000000000000004 277711.00000000006 1.5000000000000002 6.5000000000000009 9.5000000000000018 5 2.5000000000000004 61030.500000000007 826995.50000000012 5.5000000000000009 29090.000000000004 11.500000000000002 21.500000000000004 236720.00000000003
decision_type=9 9 1 2 9 1 2 2 2 2 2 2 2 2 2 2 2 2 2 2 2 1 2 2 2 2 2 2 2 2
left_child=-1 2 17 6 5 7 15 -5 20 -10 -11 12 -9 14 25 -3 24 18 -2 -20 21 22 -6 -24 -4 -7 27 -27 -15 -30
right_child=1 3 16 4 8 13 -8 11 9 10 -12 -13 -14 28 -16 -17 -18 -19 19 -21 -22 -23 23 -25 -26 26 -28 -29 29 -31
leaf_value=-0.092060890998490477 -0.01956600024420261 -0.0018896793505939738 0.04009964942935898 -0.015395553094739212 -0.02296315203412487 -0.011092057269306408 0.037608726242562153 -0.084200108974965895 0.027331465387111606 0.032493519262164539 -0.01355658519479017 -0.0180848529426508 -0.02078214200333426 0.0012707546242559905 0.024409334862129956 0.012953146459698198 0.045932535917782305 0.038710272383681382 0.028472493821485034 0.008492911312894728 -0.011058755062212568 -0.020551985366641726 -0.014402059030496423 0.04532504081348955 0.059550737730422215 -0.004803717659598152 -0.07319824855094513 -0.052526887013079948 -0.00074036104269865986 -0.027056656141399932
leaf_weight=1944.5009935498238 9.5593406260013563 1083.8042913377285 443.22484192252159 27.075645595788956 8.2253341525793093 30.342344507575035 13.744805574417112 13.653529077768331 13.335726633667944 7.4583202302455893 40.702698484063148 6.5889160484075537 5.4192748069763175 712.50799705088139 16.334586068987846 49.084069803357124 3657.1810795217752 14.163374871015547 34.050897777080536 87.772551193833351 371.60347779095173 229.48040173947811 8.9451496452093142 10.079923346638678 23.146751031279564 13.05768752098084 4.9060626775026313 10.975540623068808 42.429523453116417 23.983569756150246
leaf_count=7989 41 4647 1950 115 35 130 60 58 57 32 174 28 23 3055 70 211 16138 62 148 379 1587 977 38 43 102 56 21 47 182 103
internal_value=-0.000330845 0.0251992 0.0442176 -0.0044455 -0.00710436 -0.00273567 -0.000780829 -0.0286633 -0.0126274 0.000895046 -0.00642517 -0.0538316 -0.0661808 -0.000822521 -0.0123809 -0.00124659 0.0452722 0.0133477 0.0116295 0.0140774 -0.0141519 -0.018629 0.00373593 0.0172427 0.041065 -0.0225181 -0.0344981 -0.026598 0.000288982 -0.0102439
internal_weight=8957.34 7012.84 4269.1 2743.74 1597.11 907.275 1146.63 52.7374 689.831 61.4967 48.161 25.6617 19.0728 854.537 75.6162 1132.89 4123.55 145.546 131.383 121.823 628.334 256.731 27.2504 19.0251 466.372 59.2816 28.9393 24.0332 778.921 66.4131
internal_count=38558 30569 18820 11749 6831 3888 4918 224 2943 263 206 109 81 3664 324 4858 18190 630 568 527 2680 1093 116 81 2052 254 124 103 3340 285
cat_boundaries=0 1 2 3 4 5 6
cat_threshold=2 8 8 16 8 8
is_linear=0
shrinkage=0.05


Tree=3
num_leaves=31
num_cat=10
split_feature=5 5 6 1 5 5 0 3 0 9 0 0 0 0 3 7 7 0 7 0 0 0 7 5 5 5 7 7 0 7
split_gain=7526.28 2420.6 470.81 12.8396 26.9831 20.944 12.5073 12.5033 9.48679 6.43772 11.1667 6.38335 7.49348 6.39278 6.24856 6.06245 5.99017 5.72259 5.26992 5.15739 6.33763 6.0048 8.51416 5.00355 4.99059 4.93799 6.97731 4.7767 6.82775 4.45076
threshold=0 1 2 3 4 5 318982.00000000006 1.0000000180025095e-35 1474930.5000000002 6 323261.50000000006 167721.50000000003 78018.500000000015 74078.500000000015 1.0000000180025095e-35 10.500000000000002 9.5000000000000018 250886.50000000003 9.5000000000000018 192243.50000000003 134593.00000000003 92310.000000000015 3.5000000000000004 7 8 9 5.5000000000000009 12.500000000000002 29090.000000000004 16.500000000000004
decision_type=9 9 9 1 9 9 2 2 2 1 2 2 2 2 2 2 2 2 2 2 2 2 2 9 9 9 2 2 2 2
left_child=-1 2 18 4 14 29 27 8 11 10 24 12 13 -7 -3 -15 17 19 -2 20 21 -11 -23 -14 -9 -13 -27 -6 -29 -5
right_child=1 3 -4 5 6 7 -8 9 -10 16 -12 25 23 15 -16 -17 -18 -19 -20 -21 -22 22 -24 -25 -26 26 -28 28 -30 -31
leaf_value=-0.086335932157204795 0.0067133798595916177 0.014619031822241363 0.062351844153755533 -0.00054625384234079555 -0.02478998150649285 -0.003211227324548053 0.029623657488254431 -0.012342992022356454 0.041884798050084084 -0.024273320383806807 -0.0316502362356657 0.0074138635210304164 3.4170973959336178e-06 0.0048247021152996103 -0.008008340705973286 0.079049700707679305 -0.010453238136838664 -0.0098061160437557769 -0.0058320500785811157 -0.059700424786770338 0.0044974378929127706 -0.013184856144247113 -0.087945134587439314 -0.018183587191523201 0.0038913879584403115 0.011691388406533172 -0.0089271465653141813 -0.0081637562528332642 -0.051269826935310958 0.0047822709157219322
leaf_weight=1969.725399389863 146.06011752784252 64.66794365644455 2892.1175001263618 1322.7671839743853 70.740784928202629 241.2341623455286 8.273070350289343 56.761376649141312 11.708837807178496 83.669385552406311 34.338695183396339 171.17684102058411 58.653715148568153 6.7388110011816007 57.76400351524353 4.648733913898468 269.20176833868027 63.714534893631935 196.09247815608978 11.766327530145643 15.772289663553236 6.3743339031934729 9.460742235183714 159.68522854149342 153.38095104694366 54.592183768749237 165.1755405664444 11.146329447627066 52.24079167842865 556.86389750242233
leaf_count=7989 629 277 13095 5728 299 1034 36 241 52 353 146 736 250 29 246 20 1147 271 838 50 67 27 40 680 654 234 708 47 220 2415
internal_value=-0.00030715 0.0241402 0.0557257 -0.00337832 -0.013809 -0.00254189 -0.0280704 -0.00677243 -0.00281882 -0.0117717 -0.00521547 -0.00342611 -0.00734651 -0.0014831 0.00364556 0.0351256 -0.0152564 -0.0220349 -0.00046305 -0.0281678 -0.0249493 -0.0296168 -0.0578507 -0.0141306 -0.000895852 0.00129669 -0.00363971 -0.0337218 -0.0436898 0.00102692
internal_weight=8926.51 6956.79 3234.27 3722.52 264.833 3457.69 142.401 1578.05 873.614 704.44 244.481 861.905 470.961 252.622 122.432 11.3875 459.959 190.758 342.153 127.043 115.277 99.5045 15.8351 218.339 210.142 390.945 219.768 134.128 63.3871 1879.63
internal_count=38558 30569 14562 16007 1125 14882 602 6739 3743 2996 1041 3691 2013 1083 523 49 1955 808 1467 537 487 420 67 930 895 1678 942 566 267 8143
cat_boundaries=0 1 2 3 4 5 6 7 8 9 10
cat_threshold=34277957 22028416 16 8 278536 201331968 2 16384 262144 49152
is_linear=0
shrinkage=0.05


Tree=4
num_leaves=31
num_cat=8
split_feature=5 5 6 1 5 6 3 0 0 3 7 5 0 8 7 5 0 7 0 8 7 7 0 8 0 0 8 7 0 0
split_gain=6764.22 2247.36 443.594 11.527 24.1428 18.9035 12.8023 11.2046 7.06534 5.65552 4.75694 4.73461 5.44229 4.23962 4.22681 4.31257 6.59397 9.75584 7.54491 5.28917 4.28645 4.21913 6.02599 4.06072 3.88622 9.83292 6.90489 5.50601 4.42004 6.01672
threshold=0 1 2 3 4 5 1.0000000180025095e-35 318982.00000000006 1720446.5000000002 1.0000000180025095e-35 9.5000000000000018 6 47011.500000000007 1.5000000000000002 9.5000000000000018 7 133035.00000000003 11.500000000000002 149329.50000000003 1.0000000180025095e-35 14.500000000000002 12.500000000000002 29090.000000000004 1.5000000000000002 91179.000000000015 177045.50000000003 2.5000000000000004 5.5000000000000009 513744.50000000006 420061.50000000006
decision_type=9 9 9 1 9 9 2 2 2 2 2 9 2 2 2 9 2 2 2 2 2 2 2 2 2 2 2 2 2 2
left_child=-1 2 10 4 9 -5 8 21 11 -3 -2 12 13 -7 -8 16 19 -18 -19 -16 -20 -6 -23 -17 26 -26 -13 28 29 -27
right_child=1 3 -4 5 7 6 14 -9 -10 -11 -12 24 -14 -15 15 23 17 18 20 -21 -22 22 -24 -25 25 27 -28 -29 -30 -31
leaf_value=-0.0813478501751147 0.0063895145309891327 0.013942424164403874 0.060601119414225829 0.00040391738751707426 -0.023415832002578026 -0.046798687114210612 -0.018530096805819449 0.028391383423730338 0.046600623214033049 -0.0075926846934602681 -0.0055321231226870419 -0.011068028665541125 0.005620995581993431 -0.0062077081356613339 0.025688905700171322 -0.025217094714960992 -0.046066547553631904 0.080179608785628242 0.0429360254155631 -0.020507317569658873 0.0044727719958462097 -0.0077410000895596302 -0.048168249983350085 -0.0095805844520592057 -0.021273636456751108 0.010116547972609954 0.0092991543205587831 -0.0077885323859601925 0.034243859986003426 -0.046040703706617593
leaf_weight=1986.1259238123894 145.79728588461876 64.422305092215538 2828.7884022295475 2190.8710308372974 71.13700495660305 8.2424459457397443 220.89088413119316 8.2023718357086164 7.0920900553464881 57.87695623934269 196.38000842928886 77.864316344261169 200.80293327569962 29.302009969949722 7.2947777956724158 57.54529432952404 6.3369500637054434 4.6940277665853491 9.3899098038673383 41.137015521526337 31.687378749251366 11.166766062378882 52.808987528085709 149.10174287855625 115.71732749044895 32.579216435551643 89.38318943977356 159.43778038024902 14.598597332835196 5.5877223908901206
leaf_count=7989 629 277 13095 9474 299 35 932 36 32 246 838 332 862 126 31 244 27 20 40 175 135 47 220 633 491 140 384 682 63 24
internal_value=-0.000279978 0.0231524 0.0540336 -0.00320875 -0.0130772 -0.00241557 -0.00724958 -0.0265011 -0.00306548 0.00346761 -0.000439621 -0.00354568 0.00225925 -0.015119 -0.0132549 -0.0094616 -0.000243127 0.0120775 0.0201275 -0.0135493 0.0132651 -0.0317949 -0.0411118 -0.0132917 -0.00625909 -0.00954888 -0.000183061 -0.00315522 0.0108449 0.001895
internal_weight=8882.26 6896.14 3170.97 3725.17 265.614 3459.56 1268.69 143.315 740.608 122.299 342.177 733.516 238.347 37.5445 528.078 307.187 100.54 52.1083 45.7713 48.4318 41.0773 135.113 63.9758 206.647 495.168 327.921 167.248 212.203 52.7655 38.1669
internal_count=38558 30569 14562 16007 1125 14882 5408 602 3171 523 1467 3139 1023 161 2237 1305 428 222 195 206 175 566 267 877 2116 1400 716 909 227 164
cat_boundaries=0 1 2 3 4 5 6 7 8
cat_threshold=34277957 22028416 16 8 278536 24 16384 8
is_linear=0
shrinkage=0.05


Tree=5
num_leaves=31
num_cat=7
split_feature=5 5 6 5 0 4 7 0 8 5 8 4 4 4 9 0 3 0 9 8 7 7 7 8 0 0 4 7 0 0
split_gain=6208.72 2001.49 406 17.8863 9.15165 6.84953 5.27512 5.1095 5.08115 5.0231 7.52243 7.10398 4.96893 7.55533 7.65855 5.40377 7.73331 6.78402 6.34129 5.25249 4.93241 9.5242 6.97724 4.81835 6.20703 5.42215 4.73414 5.34143 5.02503 4.54595
threshold=0 1 2 3 139077.50000000003 1.5000000000000002 8.5000000000000018 1286354.0000000002 5.5000000000000009 4 1.5000000000000002 4.5000000000000009 2.5000000000000004 7.5000000000000009 5 79923.000000000015 1.0000000180025095e-35 85458.000000000015 6 1.0000000180025095e-35 16.500000000000004 17.500000000000004 14.500000000000002 4.5000000000000009 64613.000000000007 69048.500000000015 9.5000000000000018 20.500000000000004 291925.00000000006 346596.50000000006
decision_type=9 9 9 9 2 2 2 2 2 9 2 2 2 2 1 2 2 2 1 2 2 2 2 2 2 2 2 2 2 2
left_child=-1 2 -2 4 12 -5 -4 8 9 10 -6 -12 -3 15 -15 16 18 -17 -14 -19 22 -22 -8 24 -20 -26 27 -11 -28 -7
right_child=1 3 6 5 7 29 20 -9 -10 26 11 -13 13 14 -16 17 -18 19 23 -21 21 -23 -24 -25 25 -27 28 -29 -30 -31
leaf_value=-0.077179083984857844 0.058834182065256146 -0.0031267546207733249 0.0087017586234130247 0.010314367536498385 -0.010254215865563245 -0.0012811864601721822 -0.0039735955558105659 0.028306723722452954 -0.014553067211155964 -0.0073895697497909588 0.028001118447003811 0.00052186747659942016 0.021178003487890777 0.022832979048319872 -0.010160008848030906 -0.05433076656031384 -0.019615959106208891 0.0027804568942244499 -0.022634015972739216 -0.024498668080947993 0.044565937044182546 -0.0017559726980460513 -0.032387448258237563 0.0097941978960205817 0.059045826950986383 -0.0099135654474989295 -0.010185067244766928 0.011355299062014691 0.057004712531420226 0.0041715443326386928
leaf_weight=1995.1797533035278 2767.9721909463406 153.2643905878067 130.96660842001438 168.38542598485947 42.776245549321175 1814.8627831339836 85.882297337055206 13.212231338024138 83.818688228726387 332.33744220435619 49.798269972205162 44.570151999592781 23.108084142208099 26.081072345376015 54.020562544465065 16.275207951664925 143.99664883315563 21.044912785291672 53.746538311243057 109.25473782420158 12.664061561226843 89.662399709224701 28.867708876729012 26.721778616309166 4.6989104747772199 7.2465169429779053 4.9493244439363462 42.911430016160011 6.3568609654903412 484.22661910951138
leaf_count=7990 13113 654 566 726 183 7823 367 58 357 1415 214 190 99 111 228 69 608 89 230 462 54 382 123 115 20 31 21 183 27 2095
internal_value=0.000208289 0.0228489 0.0523702 -0.00190255 -0.00672553 0.00057784 0.000755127 -0.00245419 -0.00312317 -0.00129381 0.00665352 0.0150227 -0.0109769 -0.0134516 0.0005825 -0.0162198 -0.0118852 -0.0238944 -0.00224881 -0.0200928 -0.00400445 0.00397689 -0.0111217 -0.00810669 -0.0153883 0.0172126 -0.00417747 -0.00524601 0.0275921 -0.00013275
internal_weight=8838.86 6843.68 3116.02 3727.66 1260.19 2467.47 348.043 620.731 607.518 523.7 137.145 94.3684 639.459 486.195 80.1016 406.093 259.518 146.575 115.522 130.3 217.076 102.326 114.75 92.4137 65.692 11.9454 386.555 375.249 11.3062 2299.09
internal_count=38603 30613 14605 16008 5364 10644 1492 2648 2590 2233 587 404 2716 2062 339 1723 1103 620 495 551 926 436 490 396 281 51 1646 1598 48 9918
cat_boundaries=0 1 2 3 4 5 6 7
cat_threshold=34277957 22028416 8 294920 32768 2 2
is_linear=0
shrinkage=0.05


Tree=6
num_leaves=31
num_cat=9
split_feature=5 5 6 5 1 4 0 9 5 1 5 7 4 0 7 0 0 7 7 0 0 4 4 7 4 4 0 0 7 0
split_gain=5614.79 1863.29 384.058 16.3109 34.7233 13.705 7.37021 6.27929 8.95433 6.50847 6.22244 8.59151 7.35413 8.28518 7.27295 5.90884 5.79001 5.71322 8.16769 5.51712 5.07738 10.1809 8.56063 5.81455 5.01225 11.9801 5.64554 7.20166 6.57843 6.20656
threshold=0 1 2 3 4 4.5000000000000009 1720446.5000000002 5 6 7 8 3.5000000000000004 7.5000000000000009 115039.50000000001 3.5000000000000004 558903.50000000012 126523.50000000001 12.500000000000002 3.5000000000000004 108463.00000000001 36157.500000000007 3.5000000000000004 6.5000000000000009 2.5000000000000004 3.5000000000000004 4.5000000000000009 44845.500000000007 24627.000000000004 8.5000000000000018 56986.000000000007
decision_type=9 9 9 9 1 2 2 1 9 1 9 2 2 2 2 2 2 2 2 2 2 2 2 2 2 2 2 2 2 2
left_child=-1 2 -2 4 20 6 7 8 -5 17 12 -12 13 -7 -14 -16 -15 18 19 -9 21 -3 -23 -22 26 -26 27 -4 -28 -30
right_child=1 3 24 5 -6 10 -8 9 -10 -11 11 -13 14 16 15 -17 -18 -19 -20 -21 23 22 -24 -25 25 -27 28 -29 29 -31
leaf_value=-0.073252934450755702 0.05728760944028817 0.039907475797444615 0.029571879238089245 -0.0037860229674048884 0.0029282536517194172 -0.019971823298562452 0.051085869894024506 0.04046271381938335 0.011373004544869884 -0.0076583449707653519 -0.033003676195524127 -0.012337868710666444 0.036825897522284996 0.037287278449365413 0.0040159176315782688 -0.044653936850273634 -0.004345334864632901 0.01496730244878494 -0.018083501058810663 -0.006549338735299292 0.0022173058387525645 -0.066739148628077824 0.0073968534390305004 -0.035944597491211455 -0.022925055175351955 0.0031233502444142245 0.032841416627691723 -0.036473631533195092 0.059022658539864617 0.00041047923344359892
leaf_weight=1997.4596385657787 2702.5039946138859 8.1376808285713214 6.0478655993938473 213.69621615111828 1896.8280328661203 114.79867917299271 6.5585246980190268 12.822360917925836 164.94232930243015 502.87827914953232 60.741737887263298 292.35702963173389 15.994960039854048 9.0113278329372388 74.535116672515869 6.8056477159261695 114.01219998300076 68.691736727952957 44.916985705494881 12.158158943057058 11.358740255236624 7.6687712967395765 7.9106787890195847 82.322213858366013 59.033122301101685 174.96967104077339 31.86463451385498 12.998769983649252 4.897185653448104 58.123070105910301
leaf_count=7990 13113 34 26 912 8222 483 30 55 710 2144 255 1233 68 38 317 29 484 294 192 52 48 32 33 343 253 749 138 56 21 249
internal_value=0.000210171 0.0219302 0.0508588 -0.00180607 0.00124555 -0.00537673 -0.00174836 -0.00208804 0.00301792 -0.00510193 -0.0108673 -0.0154552 -0.00541113 -0.0103109 0.00600454 -5.62089e-05 -0.0012958 0.00440862 -0.0053372 0.0175817 -0.024038 -0.00541966 -0.0290956 -0.0313175 0.000718767 -0.00344802 0.00933997 -0.0155022 0.0143267 0.00496512
internal_weight=8777.05 6779.59 3050.44 3729.15 2014.23 1714.92 1026.66 1020.11 378.639 641.468 688.257 353.099 335.158 237.822 97.3357 81.3408 123.024 138.589 69.8975 24.9805 117.398 23.7171 15.5795 93.681 347.934 234.003 113.932 19.0466 94.8849 63.0203
internal_count=38603 30613 14605 16008 8712 7296 4389 4359 1622 2737 2907 1488 1419 1005 414 346 522 593 299 107 490 99 65 391 1492 1002 490 82 408 270
cat_boundaries=0 1 2 3 4 5 6 7 8 9
cat_threshold=34277957 22028416 8 201331968 8 4 262152 10 32776
is_linear=0
shrinkage=0.05


Tree=7
num_leaves=31
num_cat=11
split_feature=5 5 6 5 1 5 1 9 9 6 8 8 7 8 7 7 7 7 7 7 8 9 8 7 7 3 7 7 7 8
split_gain=5089.63 1735.87 363.801 14.8466 20.57 8.16341 6.62002 5.54863 5.36576 8.26149 7.01612 4.88173 8.02474 7.85007 4.5585 4.483 8.62331 6.24928 4.37082 6.12622 13.411 4.43174 4.36923 4.35029 4.0324 3.93205 3.86804 5.58746 3.94505 8.42949
threshold=0 1 2 3 4 5 6 7 8 9 4.5000000000000009 1.5000000000000002 4.5000000000000009 5.5000000000000009 8.5000000000000018 16.500000000000004 17.500000000000004 14.500000000000002 8.5000000000000018 3.5000000000000004 4.5000000000000009 10 2.5000000000000004 2.5000000000000004 5.5000000000000009 1.0000000180025095e-35 16.500000000000004 7.5000000000000009 17.500000000000004 5.5000000000000009
decision_type=9 9 9 9 1 9 1 1 1 9 2 2 2 2 2 2 2 2 2 2 2 1 2 2 2 2 2 2 2 2
left_child=-1 2 -2 6 5 -5 18 -8 10 26 -6 12 -11 -13 -4 17 22 -16 19 25 21 24 -17 -7 -21 -3 27 -10 29 -28
right_child=1 3 14 4 8 23 7 -9 9 11 -12 13 -14 -15 15 16 -18 -19 -20 20 -22 -23 -24 -25 -26 -27 28 -29 -30 -31
leaf_value=-0.069726544471001503 0.055824165151211205 0.020219845382874899 0.0080917711574589758 0.0040936550670386167 0.0021863096161484547 0.0015784162357687895 -0.013325205866158867 -0.005411943947336407 0.0041151408535412947 -0.05191460396109028 0.012633377899541609 0.0011108182690422817 -0.010690684237762907 -0.023965679326191969 -0.0037229015403532034 0.012065912654697523 -0.0015338262230024475 -0.030532838973226829 0.0055329155994826313 -0.014457977584153304 -0.062343189552992895 -0.015257846521002417 0.071206238042836573 -0.028346167100616854 0.042375341401954467 -0.011176042290489312 0.028630445529796562 -0.0038713266046083231 0.0040316968057079192 -0.027360001872111767
leaf_weight=1994.126188904047 2636.6271905004978 23.867221757769585 130.49280536174774 38.807040214538574 581.68774130940437 13.743017211556433 335.14698338508606 653.38875816762447 419.25377933681011 14.955682620406149 222.06531742215157 152.36391307413578 56.040142223238945 39.248309686779976 85.985252097249031 6.0142055451869947 89.753446385264397 29.089317440986633 177.14574800431728 5.2101040631532669 13.234094664454458 30.647599950432777 6.4965501725673676 104.45591077208519 7.783755287528038 17.130582615733147 40.497274816036224 458.50340190529823 316.89004296064377 8.0601554512977582
leaf_count=7990 13113 103 566 166 2519 58 1416 2777 1817 63 962 648 237 167 367 26 382 123 755 22 56 130 28 433 33 72 176 1986 1377 35
internal_value=0.000211151 0.021054 0.0494216 -0.00171417 0.000548204 -0.0164032 -0.00610016 -0.00801374 0.00176632 1.32261e-05 0.00507268 -0.00787537 -0.0193747 -0.00402565 0.000685013 -0.00373057 0.00388695 -0.0105001 0.00081788 -0.00763253 -0.0182532 -0.00488308 0.0427761 -0.0229271 0.0195871 0.00710134 0.00172901 -5.66536e-05 0.00606526 0.0193365
internal_weight=8708.71 6714.59 2984.46 3730.13 2466.57 157.006 1263.55 988.536 2309.57 1505.81 803.753 262.608 70.9958 191.612 347.832 217.339 102.264 115.075 275.019 97.8734 56.8756 43.6415 12.5108 118.199 12.9939 40.9978 1243.2 877.757 365.447 48.5574
internal_count=38603 30613 14605 16008 10644 657 5364 4193 9987 6506 3481 1115 300 815 1492 926 436 490 1171 416 241 185 54 491 55 175 5391 3803 1588 211
cat_boundaries=0 1 2 3 4 5 6 7 8 9 10 11
cat_threshold=34277957 22028416 8 294920 8 16384 10 1 4 24 2
is_linear=0
shrinkage=0.05


Tree=8
num_leaves=31
num_cat=7
split_feature=5 5 5 5 1 0 4 0 8 8 4 9 5 8 0 7 8 4 0 4 0 8 0 8 0 0 8 7 8 0
split_gain=4622.74 1618.21 60.8654 13.3794 18.4894 9.54802 8.29417 7.42618 6.51401 6.00607 5.24 4.96639 8.47205 6.32285 8.50658 10.0296 6.2485 6.43971 6.06487 5.80111 5.25755 5.19391 4.82273 7.25854 4.56728 8.89419 6.30138 4.55707 4.48243 6.44271
threshold=0 1 2 3 4 36157.500000000007 3.5000000000000004 139077.50000000003 2.5000000000000004 1.0000000180025095e-35 1.5000000000000002 5 6 1.5000000000000002 44178.500000000007 6.5000000000000009 5.5000000000000009 5.5000000000000009 131211.00000000003 6.5000000000000009 99476.000000000015 4.5000000000000009 52196.000000000007 2.5000000000000004 78018.500000000015 73122.000000000015 1.0000000180025095e-35 18.500000000000004 1.5000000000000002 119267.50000000001
decision_type=9 9 9 9 1 2 2 2 2 2 2 1 9 2 2 2 2 2 2 2 2 2 2 2 2 2 2 2 2 2
left_child=-1 2 -2 7 5 6 -5 24 -8 -7 27 19 13 14 -13 18 -15 -18 -16 21 -21 -12 23 -11 25 -3 -26 -6 29 -24
right_child=1 3 -4 4 10 9 8 -9 -10 22 11 12 -14 16 15 -17 17 -19 -20 20 -22 -23 28 -25 26 -27 -28 -29 -30 -31
leaf_value=-0.066533367604709348 0.037998952077846086 -0.0082380704677003699 0.054713320727818648 0.03690358414834926 0.0060803859510692379 -0.051088557115248706 0.015874297956908597 -0.0019373289851021191 -0.039029258084526584 -0.088611279383426653 0.0038170787599167474 -0.055316535751664113 0.0010372320708284253 0.0003271628192793929 -0.01808021456786876 0.0023402199069701732 -0.0076924085941847192 -0.05278818872874505 -0.084979411572345384 -0.054839779968333197 -0.0021165334212268749 0.01444348765712509 -0.025063136433582212 -0.019949309359041666 0.0040086866061506184 0.022134701829316174 -0.018247383832292245 0.026935264618192074 -0.01932363362011498 0.038497519542443556
leaf_weight=1986.0116356611252 1190.1001299917698 368.43154639005661 1728.3110887110233 13.65699629485607 122.37745590507984 16.597937747836113 10.32486265897751 622.11677716672421 11.331556260585783 5.7770809084177044 410.12405909597874 15.554587498307226 1176.1313544511795 132.53944420814514 7.417617127299307 32.905041515827179 22.61090150475502 12.181524857878683 6.2359137833118439 4.8619283735752097 172.23332530260086 159.79301846027374 7.2580471932888058 11.533394083380697 37.431513383984566 25.79060697555542 211.53582614660263 33.32832407951355 72.157389178872108 8.8460044860839826
leaf_count=7990 5789 1558 8816 58 530 69 43 2648 47 24 1778 65 5102 563 31 139 96 51 26 21 745 695 30 48 158 110 890 145 301 37
internal_value=0.000211193 0.0202155 0.0480504 -0.00162685 0.000522373 -0.0155242 0.00638935 -0.00578643 -0.0128536 -0.023129 0.00167939 0.00104595 -0.000704889 -0.0092759 -0.0233036 -0.0126084 -0.00462321 -0.0234813 -0.0486348 0.00434033 -0.00356398 0.00679651 -0.0187332 -0.0428641 -0.00959938 -0.00625104 -0.0149012 0.0105443 -0.0140005 0.00985092
internal_weight=8635.51 6649.5 2918.41 3731.08 2465.78 157.483 35.3134 1265.31 21.6564 122.17 2308.29 2152.59 1405.58 229.445 62.1132 46.5586 167.332 34.7924 13.6535 747.012 177.095 569.917 105.572 17.3105 643.189 394.222 248.967 155.706 88.2614 16.1041
internal_count=38603 30613 14605 16008 10644 657 148 5364 90 509 9987 9312 6073 971 261 196 710 147 57 3239 766 2473 440 72 2716 1668 1048 675 368 67
cat_boundaries=0 1 2 3 4 5 6 7
cat_threshold=34277957 22028416 16777216 294920 8 4 16384
is_linear=0
shrinkage=0.05


Tree=9
num_leaves=31
num_cat=5
split_feature=5 5 6 5 0 4 4 7 4 4 0 0 0 7 0 7 0 0 0 7 7 8 4 8 4 5 0 0 0 0
split_gain=4205.46 1507.35 350.603 12.0581 6.69877 5.61071 5.09574 4.65551 4.59961 10.8418 5.21118 6.58208 6.16221 5.56733 6.74564 5.11641 4.77971 3.94014 3.72212 3.69963 3.67823 6.29831 6.69606 3.64293 3.63762 6.05717 5.86962 4.88669 4.28757 4.24738
threshold=0 1 2 3 165680.50000000003 1.5000000000000002 9.5000000000000018 1.0000000180025095e-35 3.5000000000000004 4.5000000000000009 44845.500000000007 24627.000000000004 53684.000000000007 8.5000000000000018 81070.000000000015 12.500000000000002 144219.50000000003 161951.50000000003 1286354.0000000002 21.500000000000004 9.5000000000000018 3.5000000000000004 5.5000000000000009 4.5000000000000009 5.5000000000000009 4 54454.500000000007 13498.000000000002 59399.000000000007 307029.50000000006
decision_type=9 9 9 9 2 2 2 2 2 2 2 2 2 2 2 2 2 2 2 2 2 2 2 2 2 9 2 2 2 2
left_child=-1 2 -2 4 7 -5 18 -3 10 -10 11 -4 -12 -14 -15 -13 -16 -9 -6 23 21 22 -11 -18 26 29 -7 -27 -28 -26
right_child=1 3 8 5 6 24 -8 17 9 20 12 15 13 14 16 -17 19 -19 -20 -21 -22 -23 -24 -25 25 27 28 -29 -30 -31
leaf_value=-0.063620644380064761 0.05323432318745324 -0.027360562477996793 0.026750325172574731 0.0093379109217560461 -0.0027475437090658632 -0.0050670607064148086 0.029717575952809973 -0.0073572158639869899 -0.023808803789475187 -0.012648611506829822 0.060389939532693594 -0.066179533048986161 0.02637049986286339 -0.036913481703314197 0.031151960873009723 -0.0032502018736155023 -0.022754830669896885 -0.038323995876696014 0.024780629811875565 0.037276526551452221 -0.0052582434804376342 -0.00896623730004408 0.031932203187479642 0.015278297734810426 -0.005224949608409548 0.049135368889594667 0.020240373704968912 -7.0908372692311236e-05 0.0025474102546343032 -0.019202496794949831
leaf_weight=1973.8468898832798 2511.3823843747377 31.903472185134888 5.9349039942026165 167.36737343668938 518.54146069288254 273.6091220676899 12.89283365011215 680.60681287944317 58.780980318784714 11.155730053782461 6.1253819763660422 6.9219982922077161 29.102152571082115 10.396981835365294 14.786702379584311 6.0557258129119873 18.742661744356159 10.429523423314093 12.577178567647932 4.8542474061250678 98.980541497468948 28.478879854083061 34.383739113807678 9.4808114022016508 233.66652663052082 5.087422549724578 35.378731772303581 613.93043546378613 1065.0360993891954 70.823099300265312
leaf_count=7990 13113 134 26 726 2206 1177 55 2869 253 49 27 30 129 45 64 26 81 44 56 21 424 125 151 41 999 22 152 2655 4609 304
internal_value=0.000211162 0.0194048 0.0466924 -0.00154434 -0.00548954 0.000497472 -0.0013417 -0.00868671 -0.00119707 -0.00525703 0.00706835 -0.0168679 0.0119106 0.00851154 -0.00040919 -0.0368152 0.00752017 -0.00782458 -0.00209566 -0.00304392 0.00104643 0.00947732 0.0210113 -0.00997877 -0.000144358 -0.00257111 0.00148671 0.000328194 0.00311625 -0.00820655
internal_weight=8561.26 6587.41 2855.56 3731.85 1266.95 2464.9 544.011 722.94 344.181 231.78 112.402 18.9126 93.4889 87.3636 58.2614 12.9777 47.8644 691.036 531.119 33.0777 172.999 74.0183 45.5395 28.2235 2297.53 923.507 1374.02 619.018 1100.41 304.49
internal_count=38603 30613 14605 16008 5364 10644 2317 3047 1492 1002 490 82 408 381 252 56 207 2913 2262 143 749 325 200 122 9918 3980 5938 2677 4761 1303
cat_boundaries=0 1 2 3 4 5
cat_threshold=34277957 22028416 8 294920 17408
is_linear=0
shrinkage=0.05


Tree=10
num_leaves=31
num_cat=8
split_feature=5 5 6 6 1 3 0 0 9 7 7 7 0 0 7 7 7 7 8 8 7 0 0 0 7 1 8 5 8 0
split_gain=3759.3 1464.13 356.551 10.8661 25.9302 16.4386 8.04536 7.09756 7.01438 5.9317 5.17857 5.27671 7.15277 6.35335 5.14605 6.87232 4.99185 4.69341 9.40686 4.5398 5.90117 5.39468 7.624 4.66449 4.6337 4.42042 4.30078 4.22544 4.17739 3.8855
threshold=0 1 2 3 4 1.0000000180025095e-35 122198.00000000001 20607.500000000004 5 12.500000000000002 16.500000000000004 17.500000000000004 24627.000000000004 73122.000000000015 9.5000000000000018 16.500000000000004 7.5000000000000009 17.500000000000004 2.5000000000000004 5.5000000000000009 8.5000000000000018 47748.000000000007 78018.500000000015 142707.50000000003 7.5000000000000009 6 3.5000000000000004 7 2.5000000000000004 360968.50000000006
decision_type=9 9 9 9 1 2 2 2 1 2 2 2 2 2 2 2 2 2 2 2 2 2 2 2 2 1 2 9 2 2
left_child=-1 2 -2 4 6 25 7 -3 -7 -8 -6 12 -12 -14 26 -16 -9 18 -17 21 -21 28 24 -22 -23 -5 -4 -13 -10 -28
right_child=1 3 14 5 10 8 9 16 19 -11 11 27 13 -15 15 17 -18 -19 -20 20 23 22 -24 -25 -26 -27 29 -29 -30 -31
leaf_value=-0.060514181115579463 0.052322843329208869 0.010450087933744728 0.01227198256462516 0.010395750586359579 -0.00018419217356211687 -0.019013212866559145 0.010096912212938782 -0.016343835892726227 -0.070764490612276923 -0.023352690891682307 -0.042848603268391641 0.0073496815504985741 0.041017940329513211 0.011131980134656985 -0.017379595482287295 -0.010207162441509647 -0.043239374016410481 -0.0028916015699651156 0.076107540546190122 -0.042634052207973436 -0.040310562526567423 0.054803597785050943 -0.0067622625553179511 0.0023928661903443085 0.0083178469626314765 -0.0020728768355872096 0.00048787376593411626 -0.0012762097533793924 -0.0091162583617151443 -0.03234636454111469
leaf_weight=1954.5983973890543 2459.6808824539185 9.5886659622192365 79.138881027698517 68.657913148403168 1553.4514671713114 216.83257830142975 27.972254350781441 24.829118594527245 5.5167002081871015 25.188317343592644 4.8973536491394034 287.54413624107838 24.353897571563721 65.911658391356468 98.094630628824234 6.8508590310811979 56.532848447561264 90.454400733113289 5.8536856770515442 20.180224061012268 8.5721907764673215 7.3619646430015591 295.8169206827879 25.173957318067551 19.721346899867058 739.51410819590092 50.844112321734428 271.8460041731596 5.4751225262880325 10.950792923569677
leaf_count=7975 13185 40 349 296 6719 903 117 103 23 104 21 1254 106 287 419 30 232 388 26 84 36 31 1246 106 83 3152 223 1175 23 48
internal_value=0.000177923 0.0183071 0.045618 -0.00208466 3.39884e-06 -0.00553652 -0.0198287 -0.0302367 -0.011811 -0.00575204 0.00138136 0.00511798 0.0160023 0.0191953 -0.00269471 -0.00790456 -0.0350317 0.00110532 0.0295628 -0.00778423 -0.0212452 -0.00561016 -0.00443756 -0.00845465 0.0209539 -0.000910626 0.00455376 0.00326634 -0.040057 -0.00533074
internal_weight=8521.41 6566.81 2801.87 3764.94 2352.12 1412.82 144.111 90.9506 604.651 53.1606 2208 654.553 95.1629 90.2656 342.187 201.254 81.362 103.159 12.7045 387.818 53.9264 333.892 322.9 33.7461 27.0833 808.172 140.934 559.39 10.9918 61.7949
internal_count=38784 30809 14668 16141 10158 5983 596 375 2535 221 9562 2843 414 393 1483 863 335 444 56 1632 226 1406 1360 142 114 3448 620 2429 46 271
cat_boundaries=0 1 2 3 4 5 6 7 8
cat_threshold=34277957 22028416 8 24 8 1 8 5376
is_linear=0
shrinkage=0.05


Tree=11
num_leaves=31
num_cat=9
split_feature=5 5 6 6 1 3 0 9 0 7 7 7 0 0 7 7 7 7 8 8 7 0 0 7 0 1 8 5 7 5
split_gain=3429.25 1365.81 338.149 9.78372 23.3362 14.7933 7.48203 6.28431 5.20271 4.69684 4.6923 4.79571 6.44495 5.8595 4.63723 6.16534 4.34308 4.28161 8.77137 4.06872 5.25372 4.82005 6.89881 4.26822 4.1676 4.04265 3.8951 3.83733 3.8412 5.0556
threshold=0 1 2 3 4 1.0000000180025095e-35 217081.50000000003 5 20607.500000000004 9.5000000000000018 16.500000000000004 17.500000000000004 24627.000000000004 73122.000000000015 9.5000000000000018 16.500000000000004 7.5000000000000009 17.500000000000004 2.5000000000000004 5.5000000000000009 8.5000000000000018 47748.000000000007 78018.500000000015 7.5000000000000009 142707.50000000003 6 3.5000000000000004 7 21.500000000000004 8
decision_type=9 9 9 9 1 2 2 1 2 2 2 2 2 2 2 2 2 2 2 2 2 2 2 2 2 1 2 9 2 9
left_child=-1 2 -2 4 6 25 8 -7 -3 -8 -6 12 -12 -14 26 -16 -10 18 -17 21 -21 -9 23 -23 -22 -5 -4 28 29 -13
right_child=1 3 14 5 10 7 9 19 16 -11 11 27 13 -15 15 17 -18 -19 -20 20 24 22 -24 -25 -26 -27 -28 -29 -30 -31
leaf_value=-0.058056462117626398 0.051100769139534666 0.0099490922873699782 0.011703492781177577 0.0099670681778592715 -0.00017497367963224288 -0.017994927776327121 0.030944009329209272 -0.037757408105955827 -0.01369616472941698 -0.012700018617454463 -0.040267646665183343 0.016561214227274485 0.039449506076780487 0.010610086017518864 -0.016438104956505436 -0.0096673343175063889 -0.035229419661172774 -0.0027449191600434119 0.074196162749810543 -0.040175968678808974 -0.037967527430331993 0.052752089596219867 -0.0064142913661894667 0.0079170784465041298 0.0022744682879837731 -0.0019696013154444827 -0.0050550857817848564 -0.001214247290287635 -0.00088374786565319035 -0.0010480779529040509
leaf_weight=1936.3599255681038 2394.4840594232082 9.5684652179479581 78.841627016663551 68.465444564819336 1553.52958150208 217.62631003558636 10.072594821453096 11.074659973382948 34.051561892032623 15.887994289398192 4.949289306998252 125.56243540346622 24.063535034656525 65.70156517624855 98.516146898269653 6.8712051063775998 74.973456054925919 90.521908894181252 5.7079484909772873 20.339855834841728 8.6441958844661695 7.2682495564222362 296.25985766947269 19.684633016586304 25.160535305738449 739.89015765488148 61.889910489320755 271.94009128212929 96.334665775299072 65.036713272333145
leaf_count=7975 13185 40 349 296 6719 903 43 46 141 66 21 548 106 287 419 30 306 388 26 84 36 31 1246 83 106 3152 271 1175 421 285
internal_value=0.000178277 0.017581 0.0444039 -0.00197737 4.94714e-06 -0.00525017 -0.0187801 -0.0111928 -0.0254015 0.00423367 0.00131442 0.00487471 0.0152785 0.0183411 -0.00255698 -0.00749347 -0.028504 0.0010534 0.0283868 -0.00738181 -0.020097 -0.00532233 -0.00421096 0.0200075 -0.0080158 -0.000859664 0.00433352 0.00311153 0.0070093 0.0113664
internal_weight=8439.28 6502.92 2736.83 3766.09 2351.67 1414.41 144.554 606.058 118.593 25.9606 2207.12 653.588 94.7144 89.7651 342.349 201.617 109.025 103.101 12.5792 388.432 54.1446 334.287 323.213 26.9529 33.8047 808.356 140.732 558.874 286.934 190.599
internal_count=38784 30809 14668 16141 10158 5983 596 2535 487 109 9562 2843 414 393 1483 863 447 444 56 1632 226 1406 1360 114 142 3448 620 2429 1254 833
cat_boundaries=0 1 2 3 4 5 6 7 8 9
cat_threshold=34277957 22028416 8 24 8 1 8 5376 4352
is_linear=0
shrinkage=0.05


Tree=12
num_leaves=31
num_cat=10
split_feature=5 5 6 6 1 3 0 2 0 7 4 0 0 0 2 7 4 0 0 0 5 4 0 0 0 0 1 7 4 5
split_gain=3131.5 1274.31 320.867 8.81726 21.0179 13.3186 6.92477 6.54897 6.52878 5.89718 5.62928 4.67229 6.19014 5.60818 4.35594 7.73342 6.24624 8.90463 7.01072 7.07406 5.46988 5.44038 5.11306 4.70026 5.09337 4.02811 3.8761 4.86128 3.80202 3.54759
threshold=0 1 2 3 4 1.0000000180025095e-35 104552.50000000001 5 23886.500000000004 12.500000000000002 2.5000000000000004 81070.000000000015 67371.000000000015 43425.500000000007 6 6.5000000000000009 8.5000000000000018 98246.500000000015 27543.500000000004 23886.500000000004 7 2.5000000000000004 201980.00000000003 48483.000000000007 52893.000000000007 1474930.5000000002 8 15.500000000000002 5.5000000000000009 9
decision_type=9 9 9 9 1 2 2 1 2 2 2 2 2 2 1 2 2 2 2 2 9 2 2 2 2 2 1 2 2 9
left_child=-1 2 -2 4 6 7 8 -5 -3 -8 11 12 13 -4 15 -6 18 -18 19 28 21 -20 -23 -22 -25 26 27 -9 -17 -16
right_child=1 3 10 5 14 -7 9 25 -10 -11 -12 -13 -14 -15 29 16 17 -19 20 -21 23 22 -24 24 -26 -27 -28 -29 -30 -31
leaf_value=-0.055772148018105122 0.049924343216299183 0.001248421919947795 -0.024246383426427494 -0.008347322245460486 -0.004635200749222323 -0.010609809752672096 0.0083006664580696915 0.0045427124159722323 -0.035073933761389439 -0.02261608284740908 -0.0051306615466052835 0.024115859464848698 -0.056113538755550862 0.044347784528030461 0.0035585012070128014 0.026680209763801161 0.020016315871894352 -0.049207742958344243 0.045442411697605295 -0.071250772725077488 0.032992246488780755 0.027636693045062194 0.0057746778603402849 -0.048896315774782075 0.004455367853189271 0.041280277704997419 7.3529922153945632e-05 0.036733560806693308 -0.0279617197690415 -0.0012756363940893819
leaf_weight=1915.8174466341734 2330.240299642086 15.126637920737265 5.8023061603307742 203.18083898723125 122.00592704117298 607.31798410415649 32.524625271558762 33.074871018528938 67.925318568944931 29.335709154605865 293.03226102888584 32.680879175662994 4.8296906799077979 6.1256785243749619 531.41935715079308 6.7159600853920001 8.5493663400411624 10.17400488257408 21.933907255530357 4.650049850344657 13.969906330108641 61.617277592420578 47.256519556045532 4.6672117859125128 107.78948743641376 6.4103996008634558 547.68687333166599 18.171505615115166 6.0524476915597916 1259.4675195664167
leaf_count=7975 13185 63 25 866 528 2535 136 143 277 120 1267 143 21 27 2292 29 37 44 96 20 60 268 206 20 466 30 2330 79 26 5470
internal_value=0.000178599 0.0168843 0.0432322 -0.00187458 8.17274e-06 -0.00497926 -0.0177972 -0.000811485 -0.0284584 -0.00636083 -0.00242675 0.013109 -0.00835651 0.0109805 0.00125269 0.00580429 0.0103436 -0.017599 0.0122485 -0.0184502 0.0143272 0.0211105 0.0181475 0.00522575 0.00224115 0.00182562 0.00143382 0.0133519 0.000778983 0.000170617
internal_weight=8355.55 6439.73 2672.71 3767.02 2351.18 1415.84 144.912 808.524 83.052 61.8603 342.471 49.4386 16.7577 11.928 2206.27 415.382 293.376 18.7234 274.653 17.4185 257.234 130.808 108.874 126.427 112.457 605.344 598.933 51.2464 12.7684 1790.89
internal_count=38784 30809 14668 16141 10158 5983 596 3448 340 256 1483 216 73 52 9562 1800 1272 81 1191 75 1116 570 474 546 486 2582 2552 222 55 7762
cat_boundaries=0 1 2 3 4 5 6 7 8 9 10
cat_threshold=34277957 22028416 8 24 8 48 33 67113984 8 134221824
is_linear=0
shrinkage=0.05


Tree=13
num_leaves=31
num_cat=5
split_feature=5 5 6 6 3 9 4 0 0 0 8 7 0 0 4 7 0 0 7 0 0 7 8 8 0 7 7 7 3 4
split_gain=2861.94 1189.24 304.673 7.95871 11.9669 5.62672 5.09402 4.24978 5.50671 5.11364 3.64424 4.6823 4.32266 6.48781 4.43994 3.77043 3.74428 3.7222 3.51184 4.06592 4.3039 3.30921 6.24531 3.91705 6.29247 3.88913 5.68502 5.64251 3.30555 4.17603
threshold=0 1 2 3 1.0000000180025095e-35 4 2.5000000000000004 81070.000000000015 67371.000000000015 43425.500000000007 5.5000000000000009 8.5000000000000018 48483.000000000007 78018.500000000015 6.5000000000000009 7.5000000000000009 85458.000000000015 142707.50000000003 13.500000000000002 160065.50000000003 119267.50000000001 10.500000000000002 3.5000000000000004 3.5000000000000004 76077.500000000015 12.500000000000002 16.500000000000004 18.500000000000004 1.0000000180025095e-35 7.5000000000000009
decision_type=9 9 9 9 2 1 2 2 2 2 2 2 2 2 2 2 2 2 2 2 2 2 2 2 2 2 2 2 2 2
left_child=-1 2 -2 -3 -5 18 7 8 9 -4 12 -12 14 15 -7 -14 -15 -13 19 20 -6 22 -8 28 -25 -26 -27 -28 -23 -30
right_child=1 3 6 4 5 10 21 -9 -10 -11 11 17 13 16 -16 -17 -18 -19 -20 -21 -22 23 -24 24 25 26 27 -29 29 -31
leaf_value=-0.053638360118498866 0.048788375064351852 8.956961288667867e-06 -0.022886259912446957 -0.00077550268396911785 -0.02183757366937689 -0.066614295176562074 0.010994794465737003 0.023077574979656817 -0.052504260530808367 0.042729096299775948 -0.037317222783345018 -0.035207569024317008 0.051206662926071594 -0.039983228405900427 -0.0048275469559761544 0.0087625624228418828 -0.0046271246669862742 0.0026866568476304532 -0.0089914128885068712 -0.060250625065063269 0.023109248519988801 -0.0035653971955866555 -0.010919751236631643 0.025580541137918036 0.022557537463834317 -0.043399916858705007 0.041545598892800274 -0.015233597144806953 -0.029418891953289141 0.0014629706293918037
leaf_weight=1893.3985352516174 2267.1183505058289 2350.6880269348621 5.8388060331344622 808.59240983426571 115.32016329467297 5.5820242464542371 71.567380115389824 32.449675709009171 4.9016613960266104 6.0420010387897491 20.508114874362946 8.7227246910333616 7.1901139169931438 7.6869534105062476 6.06845623254776 19.216323375701904 289.66232116520405 25.207024335861206 91.314398691058159 6.5356782227754584 5.5839237421751013 35.314701944589615 59.573233112692833 17.503668949007988 7.7638976871967307 12.80142869055271 5.6469386816024807 19.434501647949219 49.799307554960251 14.031498223543165
leaf_count=7975 13185 10158 25 3448 474 23 316 143 21 27 84 36 31 32 25 81 1214 106 379 27 23 151 259 75 33 54 25 83 211 60
internal_value=0.000176835 0.0162121 0.0420968 -0.00178061 -0.00472822 -0.0100576 -0.00230296 0.012513 -0.00791405 0.0104825 -0.00645621 -0.0184557 -0.00450864 -0.00343187 -0.0344311 0.0203195 -0.00554114 -0.00705526 -0.0164756 -0.0218382 -0.0197617 -0.00486724 0.00103968 -0.00964022 9.27132e-05 -0.00968083 -0.0162879 -0.0024501 -0.0158396 -0.0226303
internal_weight=8271.06 6377.67 2609.79 3767.88 1417.19 608.598 342.669 49.2321 16.7825 11.8808 389.844 54.4379 335.406 323.756 11.6505 26.4064 297.349 33.9297 218.754 127.44 120.904 293.437 131.141 162.296 63.1504 45.6468 37.8829 25.0814 99.1455 63.8308
internal_count=38784 30809 14668 16141 5983 2535 1483 216 73 52 1632 226 1406 1358 48 112 1246 142 903 524 497 1267 575 692 270 195 162 108 422 271
cat_boundaries=0 1 2 3 4 5
cat_threshold=34277957 22028416 8 24 1
is_linear=0
shrinkage=0.05


Tree=14
num_leaves=31
num_cat=11
split_feature=5 5 5 5 1 3 2 0 0 7 0 5 7 7 7 1 7 0 0 8 0 5 0 8 0 5 2 7 7 0
split_gain=2617.54 1109.99 59.5538 6.88066 18.6279 9.02117 6.27083 6.56964 6.01912 5.51917 5.176 6.35896 6.413 7.77748 5.24048 4.77316 6.97389 5.79213 10.4829 4.8529 5.70007 4.82006 4.59062 5.84833 5.27199 5.07987 5.33681 4.88195 4.85281 4.56278
threshold=0 1 2 3 4 1.0000000180025095e-35 5 175344.00000000003 217081.50000000003 16.500000000000004 103386.00000000001 6 10.500000000000002 16.500000000000004 10.500000000000002 7 21.500000000000004 535905.00000000012 281076.00000000006 1.5000000000000002 968814.50000000012 8 44845.500000000007 5.5000000000000009 18684.500000000004 9 10 20.500000000000004 6.5000000000000009 181089.50000000003
decision_type=9 9 9 9 1 2 1 2 2 2 2 9 2 2 2 1 2 2 2 2 2 9 2 2 2 9 1 2 2 2
left_child=-1 2 -2 4 8 6 -5 10 -3 -6 11 12 -8 -14 -12 16 21 18 -17 -19 -21 -11 24 25 28 26 -24 -26 -7 -9
right_child=1 3 -4 5 9 22 7 29 -10 15 14 -13 13 -15 -16 17 -18 19 -20 20 -22 -23 23 -25 27 -27 -28 -29 -30 -31
leaf_value=-0.051636036563011745 0.030962520944819074 -0.023696823093641382 0.048034484177670755 -0.0085916718418027772 -0.00012972488008112441 -0.031731299708793341 -0.039290265948584077 0.048169652741082127 0.0052166213336011643 0.018921158948765854 -0.021522753540333887 0.0041969002106848957 0.031006944057869454 -0.023681548642248123 -0.0017191925379891086 -0.00061012876092918396 -0.0016290518564499716 0.053767107763754068 -0.045989923242302576 0.026503441741755302 -0.037622168436026289 0.0057429450292060535 0.015234087196031077 -0.017285777259354842 -0.016701460838759313 -0.0085574731357529465 -0.002345135472965618 -0.048223672491895429 0.01957080281289331 0.0058501013619404211
leaf_weight=1869.47824023664 1072.4717016369104 106.16168242692947 1475.5011358857155 189.18554146587849 1326.2376884818077 6.3372803032398251 19.437578201293945 6.4967377185821524 21.67510512471199 133.31903368234634 61.806659117341042 252.98907954990864 10.893437013030054 16.123420968651772 72.699496999382973 47.366504445672035 136.17448942363262 6.3898037970066097 17.401490807533264 8.889058053493498 5.6796737164258948 196.26032085716724 42.724006772041321 100.32442569732666 101.62835174798965 297.59114487469196 229.79968973994255 13.971470743417738 16.908383429050446 324.55195653438568
leaf_count=7975 5818 433 8850 805 5757 26 82 28 91 586 260 1077 46 68 307 207 594 28 76 39 25 859 180 417 419 1240 968 58 70 1395
internal_value=0.000175019 0.0155653 0.0409978 -0.00169084 0.000315584 -0.00396162 -0.000690629 0.00135787 -0.0174309 0.00160972 -0.00267141 0.00098842 -0.0143082 -0.00163066 -0.0108191 0.00582205 0.00772347 -0.00484424 -0.0128025 0.0174378 0.00150384 0.0118221 -0.00786723 -0.0061535 -0.0161422 -0.00419453 0.000852457 -0.0205113 0.00558472 0.00668061
internal_weight=8186.47 6317 2547.97 3769.02 2005.55 1763.47 954.184 764.998 127.837 1877.72 433.95 299.444 46.4544 27.0169 134.506 551.48 465.754 85.7265 64.768 20.9585 14.5687 329.579 809.285 670.439 138.845 570.115 272.524 115.6 23.2457 331.049
internal_count=38784 30809 14668 16141 8695 7446 4068 3263 524 8171 1840 1273 196 114 567 2414 2039 375 283 92 64 1445 3378 2805 573 2388 1148 477 96 1423
cat_boundaries=0 1 2 3 4 5 6 7 8 9 10 11
cat_threshold=34277957 22028416 16777216 201331968 8 16 32768 5 4352 32776 1
is_linear=0
shrinkage=0.05


Tree=15
num_leaves=31
num_cat=11
split_feature=6 6 1 0 0 6 1 7 3 7 2 7 9 0 0 2 0 0 7 0 2 0 9 0 0 1 4 0 7 7
split_gain=2473.46 598.206 14.1577 10.0085 5.9174 6.71533 12.4625 9.08681 6.18661 6.47885 5.38381 8.04983 12.7303 5.08405 9.21062 5.05801 5.05241 6.54365 5.04945 11.8134 4.81249 4.78689 4.53739 5.11939 10.4303 4.54662 4.0177 3.94819 3.70145 3.41394
threshold=0 1 2 1186178.0000000002 36157.500000000007 3 4 13.500000000000002 1.0000000180025095e-35 21.500000000000004 5 1.0000000180025095e-35 6 126523.50000000001 214525.00000000003 7 52893.000000000007 49136.000000000007 18.500000000000004 185287.50000000003 8 709669.50000000012 9 82189.500000000015 52196.000000000007 10 7.5000000000000009 131211.00000000003 16.500000000000004 21.500000000000004
decision_type=9 9 1 2 2 9 1 2 2 2 1 2 1 2 2 1 2 2 2 2 1 2 1 2 2 1 2 2 2 2
left_child=29 2 -2 4 -3 6 7 -6 9 20 18 12 -12 -11 -15 16 17 -10 -8 -20 -7 22 27 24 -24 -25 -5 28 -17 -1
right_child=1 3 -4 26 5 8 10 -9 15 13 11 -13 -14 14 -16 21 -18 -19 19 -21 -22 -23 23 25 -26 -27 -28 -29 -30 -31
leaf_value=-0.049994254543239115 0.010039071648437628 -0.0087114125662067551 0.029837454287761807 0.015379324484799818 -0.0030374130655367116 -0.0095804533399507855 0.015414276403351078 -0.041774504244131899 0.0042536229537703113 0.034848681454705766 -0.053278669686401318 0.0018323527039781923 0.0032795804131109784 -0.036968827399945114 0.021716386994217778 -0.033675569985418076 -0.0050794341662605295 0.06581191949101356 0.017514676713595644 -0.038439901997768339 0.00015660070052571037 -0.048087147084961784 -0.033653270189315319 -0.0039092154818865356 0.038544156517195755 -0.021900859245195706 0.061224253851447544 0.012880623475724327 -0.0062034731295923309 -0.057811135922953373
leaf_weight=1700.7652808129787 129.15559259057045 327.94290517270565 3331.7061429917812 43.522188887000084 30.175899028778076 163.47660203278065 134.71156267821789 30.380841702222824 17.561261057853702 21.052810981869698 17.382728606462479 915.27713836729527 23.26509028673172 9.8278967291116732 20.914698898792267 48.090006038546562 225.01655988395214 5.7242242246866217 23.478269636631012 15.767885491251944 480.29317800700665 9.5557662695646268 7.5195495784282711 116.46548648178577 14.945420324802397 52.510877668857574 5.3684645295143119 6.9932364225387564 16.456918269395828 152.17617008090019
leaf_count=7354 625 1387 18251 192 126 693 582 125 72 90 75 3949 101 42 90 197 937 24 101 68 2047 40 31 486 63 219 23 29 68 658
internal_value=0.000208046 0.0152706 0.0291297 -0.00200251 -0.00241057 -0.00155205 0.00112297 -0.0192866 -0.00414514 -0.00109361 0.00237644 0.000856466 -0.0209071 0.015919 0.0029557 -0.00829995 -0.00267724 0.0193864 0.0102283 -0.00496613 -0.00246238 -0.0128528 -0.0120613 -0.00804644 0.014378 -0.0110277 0.0204134 -0.022805 -0.0266713 -0.0503644
internal_weight=8097.48 6244.54 3460.86 2783.68 2734.79 2406.84 1190.44 60.5567 1216.4 695.565 1129.88 955.925 40.6478 51.7954 30.7426 520.839 248.302 23.2855 173.958 39.2462 643.77 272.537 262.981 191.441 22.465 168.976 48.8907 71.5402 64.5469 1852.94
internal_count=38745 30733 18876 11857 11642 10255 5127 251 5128 2962 4876 4125 176 222 132 2166 1033 96 751 169 2740 1133 1093 799 94 705 215 294 265 8012
cat_boundaries=0 1 2 3 4 5 6 7 8 9 10 11
cat_threshold=2 8 8 16 8 40 2 35 48 1 6
is_linear=0
shrinkage=0.05


Tree=16
num_leaves=31
num_cat=10
split_feature=5 5 6 5 2 7 4 4 7 4 7 7 8 8 3 4 3 7 4 4 7 9 5 2 7 8 9 8 9 4
split_gain=2262.79 992.644 273.399 6.45742 6.29938 5.32701 4.02934 3.6457 8.80565 3.53613 3.41346 3.6654 5.80945 4.3705 7.9701 3.74421 3.46377 3.34235 3.31988 3.2854 3.23248 3.03985 2.97762 2.87804 5.59326 4.48206 2.75144 2.71166 2.66688 4.3829
threshold=0 1 2 3 4 21.500000000000004 9.5000000000000018 4.5000000000000009 22.500000000000004 3.5000000000000004 2.5000000000000004 10.500000000000002 4.5000000000000009 1.5000000000000002 1.0000000180025095e-35 7.5000000000000009 1.0000000180025095e-35 19.500000000000004 1.5000000000000002 4.5000000000000009 21.500000000000004 5 6 7 9.5000000000000018 3.5000000000000004 8 5.5000000000000009 9 9.5000000000000018
decision_type=9 9 9 9 1 2 2 2 2 2 2 2 2 2 2 2 2 2 2 2 2 1 9 1 2 2 1 2 1 2
left_child=20 2 6 18 5 -5 9 8 -6 -2 16 12 19 14 -13 17 -11 26 23 -12 -1 -14 -9 24 25 -3 -16 -24 -20 -30
right_child=1 3 -4 4 7 -7 -8 22 -10 10 11 13 21 -15 15 -17 -18 -19 28 -21 -22 -23 27 -25 -26 -27 -28 -29 29 -31
leaf_value=-0.048194383304017652 0.0038254564585418673 0.018777125672298611 0.046084911439531709 0.0012233744935080699 -0.0033543843051953418 0.02426203083147652 0.035204134943994859 -0.0043068959367592438 0.02048073208481694 -0.06067041251538631 -0.00805953138449691 0.032513597697477629 -0.045852193470108091 -0.0037941560644178191 -0.088168451316668048 -0.00021268161328124059 -0.015056064791114288 -0.015295127799375356 -0.0027186427456480991 0.020585872394300635 -0.055863314483288531 -0.0056684659389973696 -0.0092321334672732548 -0.0021473948362233978 0.033438649899556645 -0.026846365972577863 -0.043154598457802722 -0.022840571292476422 0.0013763316689708277 0.023230746794463519
leaf_weight=1676.6857009232044 114.41462142765522 13.388495400547983 2108.2070005983114 308.79584710299969 1043.3061801940203 27.309446558356285 6.9283330589532843 534.60799741744995 40.244308054447174 5.0526338219642666 13.469311177730559 5.1827398240566245 6.4504401981830597 81.781373247504234 4.7250495404005068 6.2868158370256415 23.606543928384781 7.2975697964429846 461.84827351570129 38.969648361206055 149.67205089330673 17.40735483169556 268.20102052390575 35.837532341480255 30.078235968947411 9.0031615793704969 12.057669654488569 42.392612755298615 906.56606824696064 23.5372074842453
leaf_count=7354 506 58 13148 1323 4484 118 30 2307 174 22 59 22 28 350 20 27 105 31 1987 174 658 76 1111 156 131 39 51 174 3920 102
internal_value=0.000200358 0.0146248 0.0392977 -0.00158957 -0.00326393 0.00300589 -0.00246819 -0.00436638 -0.00246912 -0.00331668 -0.00699284 -0.00460911 0.0039219 -0.0101565 -0.024793 -0.0345735 -0.0230979 -0.0435444 0.000976986 0.0132281 -0.048557 -0.016533 -0.00685033 0.0103846 0.0162554 0.000432987 -0.0558279 -0.0107436 0.00038717 0.00192938
internal_weight=8023.31 6196.95 2451.84 3745.12 2264.86 336.105 343.63 1928.75 1083.55 336.702 222.287 193.628 76.2968 117.331 35.5498 30.3671 28.6592 24.0803 1480.26 52.439 1826.36 23.8578 845.202 88.3074 52.4699 22.3917 16.7827 310.594 1391.95 930.103
internal_count=38745 30733 14649 16084 9691 1441 1501 8250 4658 1471 965 838 337 501 151 129 127 102 6393 233 8012 104 3592 384 228 97 71 1285 6009 4022
cat_boundaries=0 1 2 3 4 5 6 7 8 9 10
cat_threshold=34277957 22028416 16 134254848 1 4 67109896 26 1 1
is_linear=0
shrinkage=0.05


Tree=17
num_leaves=31
num_cat=9
split_feature=6 6 1 0 0 6 1 7 3 7 2 7 7 0 0 2 0 0 2 7 0 0 0 1 0 7 7 4 0 7
split_gain=2072.38 511.234 13.0277 9.08707 5.19082 5.6067 11.2508 8.09659 5.19064 5.38515 4.87222 7.0363 4.72706 4.69465 8.36944 4.46591 5.16998 4.45442 4.32173 4.09282 3.97553 9.34466 3.8238 3.97211 5.82499 3.84426 6.83285 4.56869 3.78675 7.18334
threshold=0 1 2 1186178.0000000002 36157.500000000007 3 4 13.500000000000002 1.0000000180025095e-35 21.500000000000004 5 1.0000000180025095e-35 3.5000000000000004 126523.50000000001 214525.00000000003 6 52893.000000000007 49136.000000000007 7 12.500000000000002 100652.50000000001 73122.000000000015 49840.000000000007 8 525221.00000000012 16.500000000000004 13.500000000000002 7.5000000000000009 295522.00000000006 14.500000000000002
decision_type=9 9 1 2 2 9 1 2 2 2 1 2 2 2 2 1 2 2 1 2 2 2 2 1 2 2 2 2 2 2
left_child=-1 2 -2 4 -3 6 7 -6 9 18 12 20 -8 -11 -15 16 17 19 -7 -10 21 -12 -17 25 -25 26 27 -24 -14 -30
right_child=1 3 -4 -5 5 8 10 -9 15 13 11 -13 28 14 -16 22 -18 -19 -20 -21 -22 -23 23 24 -26 -27 -28 -29 29 -31
leaf_value=-0.04684266439375652 0.0089061427074184438 -0.0080960860788924748 0.027852126116518751 0.019603077674143189 -0.0029688677745192578 -0.0089446874917640581 0.027985191513577631 -0.039483350331075112 0.030724244860505279 0.032938180642376379 -0.0058742162939674795 0.0017127524521384574 0.011223374970382324 -0.035723414978701615 0.020204919797600127 -0.029695250775050298 -0.0043263428580648704 0.062096226132785454 0.00026766310768957456 -0.021479205642568985 -0.0093534321911749475 -0.094627252044266044 -0.010357685567216161 -0.016827253720202707 -0.063183355269750885 0.0061031281779667206 -0.032970073698992894 0.012833501641937459 0.015644026000355259 -0.028730471124452234
leaf_weight=1799.0911338031292 127.4359992146492 328.76092149317265 3227.6739728301764 48.625541523098946 30.182684570550919 163.96890695393085 30.978323444724083 30.545068442821503 8.8074694871902484 20.79539829492569 7.0021656453609449 914.60567021369934 105.88389721512794 9.8782186061143893 20.720086559653282 27.194137766957283 204.00584800541401 5.1786275058984748 480.56053374707699 6.5445152670145026 28.772500455379486 5.1448820829391479 82.016790583729744 73.354207098484039 7.4665379226207724 53.176277205348015 25.702763676643372 28.656723231077194 17.528253167867661 19.012433677911758
leaf_count=8012 625 1387 18251 215 126 693 135 125 36 90 30 3949 458 42 90 111 848 22 2047 27 124 22 339 304 31 222 107 119 76 82
internal_value=0.000199355 0.0140362 0.0271611 -0.00181561 -0.00220284 -0.00139814 0.00104784 -0.0183186 -0.00376484 -0.000968593 0.0022413 0.000796865 0.00972332 0.0146074 0.00214927 -0.00756413 -0.00183764 0.0219967 -0.00221059 0.00847004 -0.0194797 -0.0434656 -0.011439 -0.0100259 -0.0187855 -0.00503435 -0.00974627 -0.00435279 0.00643394 -0.00744441
internal_weight=7939.27 6140.18 3355.11 2785.07 2736.44 2407.68 1189.66 60.7278 1218.03 695.923 1128.93 955.525 173.403 51.3937 30.5983 522.104 224.536 20.5306 644.529 15.352 40.9195 12.147 297.567 270.373 80.8207 189.553 136.376 110.674 142.425 36.5407
internal_count=38745 30733 18876 11857 11642 10255 5127 251 5128 2962 4876 4125 751 222 132 2166 933 85 2740 63 176 52 1233 1122 335 787 565 458 616 158
cat_boundaries=0 1 2 3 4 5 6 7 8 9
cat_threshold=2 8 8 16 8 40 3 48 6
is_linear=0
shrinkage=0.05


Tree=18
num_leaves=31
num_cat=8
split_feature=5 5 5 5 0 0 0 2 5 0 2 0 8 0 8 0 4 4 0 4 4 0 8 0 0 5 8 0 8 0
split_gain=1901.11 907.109 54.3613 5.53399 5.96957 7.35357 5.68037 5.40167 4.48673 4.72798 4.69053 5.38902 5.09976 4.77569 5.2287 4.47197 5.28576 4.46905 4.41325 4.86863 4.31899 4.77537 4.22214 3.95747 4.72404 5.14712 6.37191 3.52463 3.40391 3.37495
threshold=0 1 2 3 104552.50000000001 73122.000000000015 72015.000000000015 4 5 106948.50000000001 6 356001.50000000006 3.5000000000000004 596011.50000000012 1.5000000000000002 394158.50000000006 5.5000000000000009 2.5000000000000004 1186178.0000000002 3.5000000000000004 3.5000000000000004 457319.50000000006 1.5000000000000002 69048.500000000015 32493.500000000004 7 3.5000000000000004 1186178.0000000002 3.5000000000000004 175344.00000000003
decision_type=9 9 9 9 2 2 2 1 9 2 1 2 2 2 2 2 2 2 2 2 2 2 2 2 2 9 2 2 2 2
left_child=2 3 27 4 5 6 23 -5 15 -10 12 -12 13 20 -15 -6 -17 -13 -9 -20 -11 29 -21 24 25 26 -2 -1 -24 -22
right_child=1 -3 -4 7 8 -7 -8 18 9 10 11 17 -14 14 -16 16 -18 -19 19 22 21 -23 28 -25 -26 -27 -28 -29 -30 -31
leaf_value=0.02780765437065787 -0.0090918727578192873 -0.045242864477522876 0.044707188817715508 0.0024066277479304673 0.010305396377548716 -0.012480164545325075 0.047366948389725549 -0.0047869521256040364 0.048044236989561645 0.0099338297136411912 -0.011143293880901281 -0.020853818191161083 0.013612994295743301 0.046393086846213238 -0.0051090925708852167 0.0058822735060092531 -0.018220943102940684 0.0091045605071539415 0.038114326353620082 0.035099506686816717 -0.02281841204412326 -0.052930712597043808 -0.04374609015488333 -0.022667718123620364 0.0041446352270446477 -0.012766968139206594 0.030127246197599294 0.050356444423494143 0.0045990221254312656 -0.00021741888496804802
leaf_weight=995.35875117778778 22.675615265965462 1773.9328681230545 1346.4221878796816 334.80481591820717 294.39096464216709 160.56335553526878 6.2446146905422202 1889.7945000231266 5.0230651646852484 31.034406244754791 157.3236431479454 14.902919501066206 92.7649165391922 9.9521695375442523 9.7621941864490491 72.406031996011734 33.163596093654633 75.587857067584991 12.575260698795317 5.7639703452587154 25.840375140309334 6.56368364393711 6.1716737598180762 19.513464361429214 276.63827541470528 96.529318034648895 19.063110485672951 17.637410715222359 8.8790891021490079 45.784323289990425
leaf_count=5704 100 8022 8844 1441 1262 692 27 8091 22 136 690 66 408 44 43 314 142 334 58 25 113 29 27 84 1194 408 84 101 39 201
internal_value=0.000190102 -0.0158968 0.03765 -0.00187055 0.000512399 -0.00331943 1.84407e-05 -0.00342333 0.00315268 -0.00020316 -0.000723656 -0.00533598 0.00447093 -0.00175965 0.0208901 0.0069652 -0.0016895 0.00417072 -0.00444546 0.0135507 -0.00584787 -0.0121119 -0.00128942 -0.000662176 0.000372767 -0.00717376 0.00711566 0.0279246 -0.0152252 -0.00837128
internal_weight=7867.07 5507.65 2359.42 3733.72 1475.73 601.228 440.664 2257.99 874.5 474.54 469.516 247.814 221.702 128.937 19.7144 399.961 105.57 90.4908 1923.18 33.39 109.223 78.1884 20.8147 434.42 414.906 138.268 41.7387 1013 15.0508 71.6247
internal_count=38745 24096 14649 16074 6393 2589 1897 9681 3804 2086 2064 1090 974 566 87 1718 456 400 8240 149 479 343 91 1870 1786 592 184 5805 66 314
cat_boundaries=0 1 2 3 4 5 6 7 8
cat_threshold=22028416 201643272 16777216 134254848 1 134250496 52 256
is_linear=0
shrinkage=0.05


Tree=19
num_leaves=31
num_cat=7
split_feature=5 5 6 5 0 0 2 0 4 0 8 5 0 2 0 4 0 8 0 8 0 4 0 4 4 0 8 8 0 0
split_gain=1748.18 838.309 256.277 4.97807 5.40785 6.64364 4.87366 4.41792 5.21386 4.67302 4.59117 4.05826 4.33011 4.23291 4.88033 7.68272 5.9406 4.62408 4.3307 4.81608 4.05204 4.75308 3.99456 4.4766 3.88812 4.21332 3.83132 3.71259 3.58346 4.93158
threshold=0 1 2 3 104552.50000000001 78992.000000000015 4 791219.50000000012 8.5000000000000018 209387.00000000003 1.0000000180025095e-35 5 106948.50000000001 6 406824.00000000006 2.5000000000000004 709669.50000000012 3.5000000000000004 596011.50000000012 1.5000000000000002 394158.50000000006 5.5000000000000009 1186178.0000000002 3.5000000000000004 3.5000000000000004 457319.50000000006 1.5000000000000002 1.0000000180025095e-35 303061.00000000006 169582.00000000003
decision_type=9 9 9 9 2 2 1 2 2 2 2 9 2 1 2 2 2 2 2 2 2 2 2 2 2 2 2 2 2 2
left_child=2 3 7 4 5 27 -5 8 10 -10 -1 20 -13 17 -15 16 -16 18 24 -20 -6 -22 -8 -24 -14 -26 -25 -2 29 -12
right_child=1 -3 -4 6 11 -7 22 -9 9 -11 28 12 13 14 15 -17 -18 -19 19 -21 21 -23 23 26 25 -27 -28 -29 -30 -31
leaf_value=-0.022494069866116229 0.01042202479970643 -0.043691831228254013 0.043578496074855866 0.0022911947284084476 0.0098168124917860141 -0.013242105198730748 -0.0045421369408525161 0.021556474594459585 0.029791422837221655 -0.020637833764105429 -0.0057490585844101102 0.04631644174371026 0.0094653559339688952 -0.0097785131618277257 -0.061457588715396139 0.012866107755077122 0.0094147771077980544 0.01298662964319134 0.044744511445523973 -0.0048459924262884684 0.0055975360637893143 -0.017229149938408194 0.036728001079601426 0.033686697993673582 -0.0079325803946574559 -0.049486008932569561 -0.01439757777972118 -0.0022315187841002219 -0.015995288868966891 0.012565267102725897
leaf_weight=40.96969835460186 67.638499215245247 1746.1309140473604 1966.6243285238743 334.59825485944748 293.61109879612923 128.51766178011894 1892.010861441493 16.281702026724815 18.250928729772571 6.1390038877725592 157.71800383925438 4.9517553448677054 30.944246396422386 175.46852925419807 6.8446682989597303 60.686781734228134 5.205387681722641 92.387027531862259 9.8066470772027987 9.7772024869918805 72.2878398001194 33.314996734261513 12.40190154314041 5.7068988233804729 71.794481888413429 6.6667634695768347 15.114299297332762 405.47818875312805 53.610147640109062 47.927068218588829
leaf_count=180 291 8022 13148 1441 1262 552 8091 72 81 27 694 22 136 768 30 269 23 408 44 43 314 142 58 25 314 29 66 1746 236 211
internal_value=0.000184703 -0.0151846 0.0366006 -0.00177707 0.000483771 -0.00316097 -0.00324874 -0.00374925 -0.005134 0.0170983 -0.00694013 0.00299896 -0.000191193 -0.000685689 -0.00506058 0.00562512 -0.0308421 0.00425575 -0.0016677 0.0199865 0.00662971 -0.0016037 -0.00421842 0.0129468 -0.00554386 -0.0114633 -0.00121812 -0.000422522 -0.00448216 -0.00148077
internal_weight=7788.87 5481.34 2307.52 3735.21 1475.38 601.634 2259.83 340.897 324.615 24.3899 300.225 873.747 474.533 469.582 248.205 72.7368 12.0501 221.376 128.989 19.5838 399.214 105.603 1925.23 33.2231 109.405 78.4612 20.8212 473.117 259.255 205.645
internal_count=38745 24096 14649 16074 6393 2589 9681 1501 1429 108 1321 3804 2086 2064 1090 322 53 974 566 87 1718 456 8240 149 479 343 91 2037 1141 905
cat_boundaries=0 1 2 3 4 5 6 7
cat_threshold=22028416 201643272 16 134254848 1 134250496 52
is_linear=0
shrinkage=0.05


Tree=20
num_leaves=31
num_cat=8
split_feature=5 5 6 5 0 4 3 2 8 5 4 0 4 4 4 3 0 0 4 0 8 4 7 7 4 7 4 2 7 5
split_gain=1605.66 724.015 265.05 5.04032 7.51692 12.3944 9.78977 4.09066 4.8687 5.09659 5.99749 5.17589 4.19263 4.07065 5.70436 4.57006 4.01915 7.21101 4.837 7.08515 4.61824 6.17704 4.38627 5.87006 4.69397 4.09394 3.91095 5.25798 6.64231 5.09377
threshold=0 1 2 3 558903.50000000012 6.5000000000000009 1.0000000180025095e-35 4 4.5000000000000009 5 5.5000000000000009 513744.50000000006 7.5000000000000009 3.5000000000000004 4.5000000000000009 1.0000000180025095e-35 464456.00000000006 394158.50000000006 5.5000000000000009 360968.50000000006 2.5000000000000004 1.5000000000000002 13.500000000000002 11.500000000000002 3.5000000000000004 2.5000000000000004 5.5000000000000009 6 6.5000000000000009 7
decision_type=9 9 9 9 2 2 2 1 2 9 2 2 2 2 2 2 2 2 2 2 2 2 2 2 2 2 2 1 2 9
left_child=2 3 13 4 16 6 -6 8 9 10 11 -5 -10 -1 15 -15 17 18 19 20 21 -2 23 24 -23 -20 29 -28 -29 -9
right_child=1 -3 -4 7 5 -7 -8 26 12 -11 -12 -13 -14 14 -16 -17 -18 -19 25 -21 -22 22 -24 -25 -26 -27 27 28 -30 -31
leaf_value=0.0019036502706084105 0.014105928921834991 -0.042003369269346058 0.042303020431139593 -0.018677636212836982 0.014749354217362036 0.076147242943209528 -0.047972673507163333 -0.0059902970519847441 0.012018171184356677 0.0032222468464874043 0.0046752532331338324 0.015137433428031026 -0.012666724290691132 -0.01255963577737384 -0.0050985987118793317 -0.041915004982663956 -0.03338476411195062 0.023479249763235621 -0.042621226221689477 -0.053142844940084803 0.0008258774828872542 -0.026176021209492851 -0.03038610896291781 0.031471411739849055 0.0058018851480266349 -0.014700728685880071 -0.0013013610682102719 0.00046345119846131491 -0.012525076284960655 0.0003539600903497734
leaf_weight=114.56383538246155 18.499178230762482 1692.704155921936 1924.2218305021524 98.219733104109764 28.676155522465706 6.4828928261995307 7.9447527676820746 415.37725499272346 146.48181425035 285.35618218779564 61.574704468250275 12.789877399802206 19.490143731236458 36.101393580436707 172.2043264657259 20.953468441963196 16.881575033068657 16.914685621857643 14.928261220455168 7.8082487732172003 154.54805704951286 32.80482029914856 39.028654202818871 7.8570606559514991 17.650064691901207 108.93803235888481 460.4455129057169 135.45532694458961 360.13741111755371 1237.0576084405184
leaf_count=511 78 7903 13228 423 124 27 33 1831 634 1238 266 56 84 156 755 90 71 71 61 33 650 138 164 33 73 449 1980 581 1548 5316
internal_value=-0.000173638 -0.0149914 0.035044 -0.00259172 -0.0073421 0.012423 0.00114207 -0.00186735 0.00175458 -0.000876355 -0.00741043 -0.0147817 0.00911942 -0.00562879 -0.00963837 -0.0233404 -0.00946521 -0.00850143 -0.00984685 -0.00618743 -0.00483145 -0.0123792 -0.0174126 -0.00872931 -0.0149896 -0.0180657 -0.00273706 -0.00529288 -0.00879754 -0.00127492
internal_weight=7672.1 5404.05 2268.04 3711.35 478.962 43.1038 36.6209 3232.39 623.912 457.94 172.584 111.01 165.972 343.823 229.259 57.0549 435.859 418.977 402.062 278.196 270.388 115.84 97.3406 58.3119 50.4549 123.866 2608.47 956.038 495.593 1652.43
internal_count=38605 23865 14740 15962 2005 184 157 13957 2701 1983 745 479 718 1512 1001 246 1821 1750 1679 1169 1136 486 408 244 211 510 11256 4109 2129 7147
cat_boundaries=0 1 2 3 4 5 6 7 8
cat_threshold=22028416 201643272 16 262144 33 134217992 10 67109888
is_linear=0
shrinkage=0.05


Tree=21
num_leaves=31
num_cat=11
split_feature=5 5 6 5 7 7 4 4 3 2 7 5 4 7 4 2 7 5 4 7 7 4 5 4 5 7 5 7 7 7
split_gain=1477.35 670.069 250.674 4.53605 3.7665 4.11139 3.7829 5.10528 5.2307 3.69665 3.84495 4.4141 3.69663 5.67958 3.51919 4.72409 5.96232 4.59842 9.16992 9.84287 4.68587 4.69031 4.54283 3.43838 9.95214 9.17189 6.64778 5.6985 4.35943 4.57547
threshold=0 1 2 3 9.5000000000000018 1.0000000180025095e-35 2.5000000000000004 5.5000000000000009 1.0000000180025095e-35 4 6.5000000000000009 5 2.5000000000000004 15.500000000000002 5.5000000000000009 6 6.5000000000000009 7 3.5000000000000004 22.500000000000004 1.5000000000000002 4.5000000000000009 8 7.5000000000000009 9 11.500000000000002 10 19.500000000000004 7.5000000000000009 15.500000000000002
decision_type=9 9 9 9 2 2 2 2 2 1 2 9 2 2 2 1 2 9 2 2 2 2 9 2 9 2 9 2 2 2
left_child=2 3 4 -2 5 -1 -7 8 -8 10 -5 12 13 -12 17 23 -17 18 19 -11 21 -20 -18 25 28 -16 27 -27 -25 -30
right_child=1 -3 -4 9 -6 6 7 -9 -10 14 11 -13 -14 -15 15 16 22 -19 20 -21 -22 -23 -24 24 -26 26 -28 -29 29 -31
leaf_value=-0.023570386364659926 -0.006964252001479574 -0.040582760167376983 0.041347455375131466 -0.0044283110013583664 -0.0098886719620940172 0.023739831358945859 0.0018637980740096325 0.011541344062116326 -0.029259057794797833 -0.015192977289593493 -0.038699529521936227 0.0079403542663990367 0.0010095256829680437 0.0057586857886345409 -0.013526919158256965 0.00044032984031816417 -0.0032861000949521214 0.00033643502264039146 -0.00024154658113782892 0.050582411767801573 0.0036895988916213515 -0.054160040020883315 -0.015863539206281373 0.0333552518442903 -0.0072272326117890353 0.025669393366166107 -0.0070145706531351722 -0.0013739958115631216 -0.0083661646588630394 0.022050944948622961
leaf_weight=15.514017090201376 479.55122743546963 1665.4126597493887 1871.8303349167109 181.5618936419487 201.79863905906677 19.859264135360718 34.484337568283081 50.503834992647171 22.185621753334999 200.0743592530489 15.911143943667414 275.09917114675045 137.92204354703426 13.096920281648634 144.0435466915369 135.43986834585667 130.20084978640079 1236.945711761713 9.0792076885700244 5.8540973812341681 193.85580648481846 7.2573680877685538 231.06490559875965 29.40922187268734 86.668811202049255 47.610449269413948 69.277734771370888 32.968304723501205 21.469185099005699 29.150140434503555
leaf_count=69 2005 7903 13228 784 872 91 154 228 98 880 68 1196 596 57 617 581 560 5316 40 26 853 32 988 127 374 206 296 143 92 125
internal_value=-0.000162991 -0.0143173 0.0341021 -0.00246065 -0.00533861 0.000728235 0.00369572 -1.84412e-05 -0.0103204 -0.00177342 0.00167092 0.00421396 -0.00226698 -0.018627 -0.00259947 -0.00502189 -0.00833861 -0.00121235 -0.00568762 -0.0133231 0.0015224 -0.0241943 -0.0118607 -0.00123727 0.00447204 -0.00451763 0.00414219 0.0129924 0.0160407 0.00915013
internal_weight=7595.1 5378.92 2216.18 3713.51 344.346 142.547 127.033 107.174 56.67 3233.96 623.591 442.029 166.93 29.0081 2610.37 957.303 496.706 1653.07 416.121 205.928 210.192 16.3366 361.266 460.597 166.697 293.9 149.856 80.5788 80.0285 50.6193
internal_count=38605 23865 14740 15962 1512 640 571 480 252 13957 2701 1917 721 125 11256 4109 2129 7147 1831 906 925 72 1548 1980 718 1262 645 349 344 217
cat_boundaries=0 1 2 3 4 5 6 7 8 9 10 11
cat_threshold=22028416 201643272 16 262144 33 134217992 10 67109888 67145728 201330696 134235392
is_linear=0
shrinkage=0.05


Tree=22
num_leaves=31
num_cat=14
split_feature=6 6 1 3 6 1 8 1 2 4 2 4 2 4 7 8 7 9 7 7 4 9 8 9 9 8 4 9 7 4
split_gain=1283.73 382.342 10.0555 5.02349 4.88283 9.45691 5.49746 5.31539 4.92308 4.40424 3.93976 3.83501 4.3517 6.24911 4.73087 4.68642 3.71563 3.59325 3.31512 4.89919 3.09853 3.62586 3.53409 3.0645 3.04395 2.96841 6.97781 3.82604 3.09261 2.98167
threshold=0 1 2 1.0000000180025095e-35 3 4 4.5000000000000009 5 6 2.5000000000000004 7 7.5000000000000009 8 5.5000000000000009 18.500000000000004 5.5000000000000009 13.500000000000002 9 11.500000000000002 13.500000000000002 6.5000000000000009 10 4.5000000000000009 11 12 1.5000000000000002 5.5000000000000009 13 20.500000000000004 7.5000000000000009
decision_type=9 9 1 2 9 1 2 1 1 2 1 2 1 2 2 2 2 1 2 2 2 1 2 1 1 2 2 1 2 2
left_child=-1 2 -2 -3 5 16 -7 10 18 -4 -8 12 -9 15 -15 -14 -5 -13 -6 -20 -11 -22 -23 -10 -18 26 -21 -27 -29 -28
right_child=1 3 9 4 8 6 7 11 23 20 -12 17 13 14 -16 -17 24 -19 19 25 21 22 -24 -25 -26 27 29 28 -30 -31
leaf_value=-0.039189201590926037 0.006678129308117866 -0.00064472330318535338 0.018164555851235501 -0.013392347517918932 -0.0085191158885672344 0.002046317032957073 0.016551095695328071 -0.027131418438555641 -0.019157174798389475 0.025309341925475699 -0.0048965169264421245 -0.025859578603401923 0.055747415594671647 -0.0033114894483518374 -0.05272196679425574 -0.0042222316540354559 -0.013178086080245718 0.0095669841283200427 0.023861838801279293 -0.048899123506620394 0.016617994520998436 0.021416153074213892 0.030390304819778509 -0.0091742783924720541 -0.054576108282429515 -0.012820821655713608 0.016109714757044272 0.018298246783195526 -0.0075736712279192908 -0.02263160688533759
leaf_weight=1636.3347211480141 122.55644653737545 1392.0173673778772 344.65572296082973 23.112832143902779 133.34705168008804 525.86225165426731 24.312487974762917 53.178404852747917 116.08911094069481 1835.3911950290203 50.306121990084648 9.9908064007759094 6.4935968667268735 16.950253337621692 6.7830423265695563 6.5375557690858841 6.3048758804798126 25.240532711148262 22.560619175434113 10.120698615908625 251.99035640060902 404.48413479328156 150.5351130515337 227.58305656909943 15.015149831771852 25.089026615023613 13.233408913016321 39.312174841761589 16.356566861271858 7.9502404183149329
leaf_count=7895 622 5966 2036 96 550 2266 105 228 473 11295 216 43 28 73 29 28 26 109 94 42 1541 2487 930 942 61 105 55 163 68 33
internal_value=-0.000154783 0.0107502 0.0227667 -0.00275476 -0.00490044 -0.00214558 -0.000627535 -0.00769663 -0.0081998 0.0234023 0.00322174 -0.0133927 -0.0199401 -0.00169675 -0.0174331 0.0256614 -0.0222676 -0.000479183 -0.00282582 0.00260362 0.024174 0.0215919 0.0238502 -0.0121917 -0.0423337 -0.00167613 -0.0147466 0.00339042 0.0106966 0.00157007
internal_weight=7519.69 5883.36 3109.61 2773.75 1381.73 770.088 725.655 199.793 611.642 2987.06 74.6186 125.174 89.9429 36.7644 23.7333 13.0312 44.4329 35.2313 267.97 134.623 2642.4 807.01 555.019 343.672 21.32 112.062 31.3043 80.7578 55.6687 21.1836
internal_count=38605 30710 18911 11799 5833 3308 3125 859 2525 18289 321 538 386 158 102 56 183 152 1110 560 16253 4958 3417 1415 87 466 130 336 231 88
cat_boundaries=0 1 2 3 4 5 6 7 8 9 10 11 12 13 14
cat_threshold=2 8 8 16 8 3 3 12 14 4 4 1 1 4
is_linear=0
shrinkage=0.05


Tree=23
num_leaves=31
num_cat=7
split_feature=5 5 6 5 0 7 2 9 0 0 0 0 0 8 7 7 7 7 0 7 0 7 7 0 0 0 0 9 8 7
split_gain=1296.84 560.31 230.329 4.38084 9.46991 5.52323 5.12602 4.92539 4.80819 7.85303 8.62605 7.25965 7.67274 8.11832 5.9 5.5152 4.54338 7.85423 6.62938 4.23842 3.88037 8.08521 13.1559 5.35393 5.97627 4.35196 6.11794 5.25005 5.39028 6.25378
threshold=0 1 2 3 32493.500000000004 20.500000000000004 4 5 346596.50000000006 494759.00000000006 535905.00000000012 75002.000000000015 64613.000000000007 2.5000000000000004 19.500000000000004 1.5000000000000002 19.500000000000004 16.500000000000004 127996.00000000001 22.500000000000004 23181.500000000004 9.5000000000000018 13.500000000000002 29090.000000000004 36776.500000000007 513744.50000000006 791219.50000000012 6 2.5000000000000004 21.500000000000004
decision_type=9 9 9 9 2 2 1 1 2 2 2 2 2 2 2 2 2 2 2 2 2 2 2 2 2 2 2 1 2 2
left_child=2 3 -1 4 5 7 8 -2 11 -10 -11 12 13 15 -14 -5 17 -13 19 -18 21 -8 -23 -22 -25 27 -27 -26 29 -29
right_child=1 -3 -4 6 -6 -7 20 -9 9 10 -12 16 14 -15 -16 -17 18 -19 -20 -21 23 22 -24 24 25 26 -28 28 -30 -31
leaf_value=-0.00499719570233597 -0.0067662409783565206 -0.037903191082750955 0.039878916465171943 -0.062218355845483846 0.00079932758286081697 -0.038843522031913158 0.029661729981243831 -0.052385819500753023 0.014717689440550319 -0.048394205843306413 -0.0026186121779194615 -0.015258348174490311 0.0311867053994439 0.0030442783924672975 -0.030623396248403479 -0.014368523234779038 -0.072481330059570429 0.0078204285561416023 -0.016312323194817561 -0.018714657820255956 -0.019298144420670238 -0.047804130064660277 0.013031068224600565 0.012846843301463224 5.4292517965733111e-05 0.012560302294967594 -0.0066642551856540737 -0.013579945170787665 -0.003015943871540595 0.013633393519098563
leaf_weight=344.88226544857025 118.15624590218067 1611.4972770065069 1792.8818496018648 6.570337548851966 1331.6263135075569 17.780041679739952 28.430920168757439 6.2285720109939566 57.604670062661171 12.079621374607084 69.52953614294529 242.43108342587948 24.391622379422191 101.26323094964027 4.5867656469345084 72.15657103061676 10.752359449863436 43.476627945899963 39.843271836638451 5.5610811114311209 48.488525971770287 12.542157918214796 30.493117153644562 61.470299169421196 456.75021158158779 97.578260883688927 71.861011445522308 297.33500842750072 415.86368238925934 22.725015565752983
leaf_count=1512 496 7903 13228 28 5690 75 122 26 250 52 305 1042 105 437 20 309 46 189 173 24 208 54 131 265 1979 428 319 1285 1804 100
internal_value=-0.000151854 -0.0133712 0.0326496 -0.00263505 -0.000506807 -0.0127767 -0.00403069 -0.00905064 -0.00760927 0.000582938 -0.00939422 -0.00981706 -0.00247441 -0.00631871 0.0214033 -0.0183619 -0.0143027 -0.0117489 -0.0273049 -0.0541528 -0.00239172 0.00897069 -0.00469868 -0.00295959 -0.00240308 -0.00309129 0.00440696 -0.00415654 -0.00676999 -0.0116477
internal_weight=7456.84 5319.07 2137.76 3707.58 1473.79 142.165 2233.78 124.385 690.247 139.214 81.6092 551.033 208.969 179.99 28.9784 78.7269 342.064 285.908 56.1567 16.3134 1543.54 71.4662 43.0353 1472.07 1423.58 1362.11 169.439 1192.67 735.924 320.06
internal_count=38605 23865 14740 15962 6287 597 9675 522 2980 607 357 2373 899 774 125 337 1474 1231 243 70 6695 307 185 6388 6180 5915 747 5168 3189 1385
cat_boundaries=0 1 2 3 4 5 6 7
cat_threshold=22028416 201643272 16 134270976 24 1 2
is_linear=0
shrinkage=0.05


Tree=24
num_leaves=31
num_cat=8
split_feature=5 5 6 5 0 7 9 0 0 8 9 0 5 7 8 0 0 7 8 0 0 7 9 7 0 4 7 4 8 4
split_gain=1192.78 518.907 217.78 3.94442 8.52252 4.91819 4.38851 4.27177 4.68789 9.51359 7.87101 6.79047 5.4117 8.14885 4.60733 4.39788 9.44403 7.23934 4.88977 5.27894 4.6635 6.42434 7.4264 4.27857 4.11903 8.6319 5.18129 5.02639 4.09768 4.66221
threshold=0 1 2 3 32493.500000000004 20.500000000000004 4 346596.50000000006 45566.500000000007 3.5000000000000004 5 47748.000000000007 6 20.500000000000004 1.5000000000000002 67371.000000000015 61030.500000000007 1.0000000180025095e-35 3.5000000000000004 65596.000000000015 145781.00000000003 4.5000000000000009 7 3.5000000000000004 1286354.0000000002 3.5000000000000004 9.5000000000000018 4.5000000000000009 5.5000000000000009 7.5000000000000009
decision_type=9 9 9 9 2 2 1 2 2 2 1 2 9 2 2 2 2 2 2 2 2 2 1 2 2 2 2 2 2 2
left_child=2 3 -1 4 5 6 -2 8 9 -5 -10 -12 13 -11 23 16 17 -13 19 -18 21 22 -17 -9 27 -26 -27 -16 -22 -30
right_child=1 -3 -4 7 -6 -7 -8 14 10 12 11 15 -14 -15 24 20 18 -19 -20 -21 28 -23 -24 -25 25 26 -28 -29 29 -31
leaf_value=-0.0047475789408009967 -0.0064187042347150086 -0.036632641829750755 0.038961986572439739 -0.0065866765402789523 0.00075951390181646684 -0.036591573212489292 -0.049286012656969552 -0.011973992056586849 -0.0019337110292564665 -0.020130189559355433 -0.038795799659876687 -0.066375230029356122 0.01421230894191846 0.046446175582133695 -0.0065269460426724199 0.0093840127621472175 -0.0093720482242512539 -0.0054130044423492075 0.045476983636291018 0.041293624034385495 -0.0089119937883701903 -0.019497381328678579 -0.031951999834647936 0.012544046004878073 0.022454782892803636 -0.013435281223228937 -0.071963184659859486 0.0065820083579569352 0.013229069826188556 -0.030365101040025995
leaf_weight=345.37734962999821 118.32169106602669 1585.049252808094 1744.7899806797504 218.28725163638592 1331.3654522746801 17.926620379090309 6.2876929491758338 21.320042043924332 604.11445333063602 28.753597259521484 19.276425987482071 5.1101949959993354 116.05043858289719 5.4706372767686835 178.56114029884338 44.081586614251137 15.577458769083025 103.55019971728325 13.173575595021246 7.6737589240074149 324.19155775010586 214.51877048611641 14.420287057757376 107.58107060194016 7.0022974759340313 7.0915638357400885 8.1010860353708249 123.8377098441124 41.010656982660294 7.2114802896976462
leaf_count=1512 496 7903 13228 936 5690 75 26 94 2611 120 83 22 506 23 780 189 67 447 57 33 1402 923 61 471 33 31 36 541 178 31
internal_value=-0.00014236 -0.0127682 0.0317512 -0.002501 -0.000481258 -0.0121045 -0.00858176 -0.0038243 -0.00494374 7.85623e-05 -0.0062529 -0.00947505 0.00976041 -0.0073427 0.000491374 -0.00876008 -0.000894157 -0.00828 0.0211389 0.00734949 -0.0105282 -0.015492 -0.000805014 0.0084888 -0.00268452 -0.0234748 -0.0446438 -0.0011586 -0.00688921 0.00670969
internal_weight=7385.09 5294.92 2090.17 3709.87 1473.9 142.536 124.609 2235.97 1782.47 368.562 1413.91 809.796 150.275 34.2242 453.495 790.52 145.085 108.66 36.4248 23.2512 645.434 273.021 58.5019 128.901 324.594 22.1949 15.1926 302.399 372.414 48.2221
internal_count=38605 23865 14740 15962 6287 597 522 9675 7689 1585 6104 3493 649 143 1986 3410 626 469 157 100 2784 1173 250 565 1421 100 67 1321 1611 209
cat_boundaries=0 1 2 3 4 5 6 7 8
cat_threshold=22028416 201643272 16 134270976 1 2 262144 1
is_linear=0
shrinkage=0.05


Tree=25
num_leaves=31
num_cat=6
split_feature=5 5 6 5 0 0 0 0 2 0 0 8 8 7 0 8 8 8 7 5 0 0 0 7 0 0 7 0 0 0
split_gain=1122.7 490.821 199.761 9.08543 5.68263 3.72839 3.33383 4.89963 4.45073 13.2212 6.88851 6.90485 5.33236 4.82916 5.54504 4.48665 4.31685 4.31098 4.1779 4.48863 3.81489 4.02055 4.31141 3.77799 3.5992 3.54219 3.41342 6.11465 4.50617 6.9571
threshold=0 1 2 3 35426.000000000007 1720446.5000000002 284828.00000000006 36776.500000000007 4 38995.500000000007 52893.000000000007 2.5000000000000004 2.5000000000000004 2.5000000000000004 65596.000000000015 4.5000000000000009 2.5000000000000004 4.5000000000000009 11.500000000000002 5 59399.000000000007 177045.50000000003 156468.50000000003 20.500000000000004 109628.00000000001 87690.500000000015 8.5000000000000018 49136.000000000007 47748.000000000007 42787.500000000007
decision_type=9 9 9 9 2 2 2 2 1 2 2 2 2 2 2 2 2 2 2 9 2 2 2 2 2 2 2 2 2 2
left_child=2 3 -1 4 -2 -6 7 17 -9 12 11 26 -10 14 16 -13 -12 -5 -15 20 -20 22 23 24 25 -22 27 -11 29 -28
right_child=1 -3 -4 6 5 -7 -8 8 9 10 13 15 -14 18 -16 -17 -18 -19 19 -21 21 -23 -24 -25 -26 -27 28 -29 -30 -31
leaf_value=-0.0035338761863988885 -0.0073271891405556622 -0.034841912050762834 0.039054228735082394 -0.0023427026210854638 0.0021815625055317716 0.031060703466502367 -0.0004555349866481118 -0.0093164320246981892 -0.081188066909872 -0.0028317548879213468 0.00504608835436645 0.035896824156286609 -0.021550596239053185 -0.010840075542596394 0.010996580241438016 0.0071504033709072871 -0.062250454061766616 0.012306471997641212 -0.058156818982160241 0.00071467028379011352 -0.026649366520480524 -0.030346313518562575 0.043300844121978904 0.01535705468016961 -0.046697743586267305 0.018572610022973567 0.021179092022420586 -0.06502899379156199 0.032054894591887963 -0.04832330678151045
leaf_weight=334.8526628613472 168.27469116449356 1588.548987403512 1688.4318892508745 200.45309148728848 1313.2493904232979 11.27208176255226 576.99555897712708 595.63433973491192 7.15651026368141 13.760797500610353 4.6556539982557279 27.48081636428833 7.8701193630695343 255.2396676838398 77.737212300300598 26.8215052485466 4.8816405981779099 67.010140627622604 4.7580822557210913 270.10337740182877 9.6770481318235451 19.604816392064095 4.5062208324670783 11.471446499228476 8.1131758987903577 7.8372277468442908 7.8142286241054553 5.5434193164110175 10.597249329090117 6.6771887242794037
leaf_count=1464 704 8052 13151 860 5613 51 2521 2560 31 59 20 119 34 1097 335 116 21 291 21 1162 43 87 20 51 36 35 34 24 46 29
internal_value=0.000419064 -0.011653 0.0320232 -0.00169766 0.00131892 0.00242733 -0.00371172 -0.0048691 -0.00606321 -0.00345632 -0.00260189 0.00974046 -0.0499533 -0.004397 0.00658213 0.0216981 -0.0293995 0.0013275 -0.00601746 -0.00235478 -0.0130523 -0.0116785 -0.00288199 -0.00849159 -0.0191668 -0.00641359 -0.00488641 -0.0206924 0.00727532 -0.0108454
internal_weight=7337.03 5313.75 2023.28 3725.2 1492.8 1324.52 2232.4 1655.4 1387.94 792.307 777.281 98.6952 15.0266 678.586 87.2745 54.3023 9.53729 267.463 591.311 336.071 65.968 61.2099 41.6051 37.0989 25.6275 17.5143 44.3929 19.3042 25.0887 14.4914
internal_count=38687 24072 14615 16020 6368 5664 9652 7131 5980 3420 3355 427 65 2928 376 235 41 1151 2552 1455 293 272 185 165 114 78 192 83 109 63
cat_boundaries=0 1 2 3 4 5 6
cat_threshold=22028416 201643272 16 134270976 20 256
is_linear=0
shrinkage=0.05


Tree=26
num_leaves=31
num_cat=6
split_feature=5 5 6 5 0 4 4 0 0 8 7 7 8 7 0 0 9 7 0 9 0 7 0 0 8 4 4 0 7 4
split_gain=1033.5 453.852 189.188 8.19502 5.12505 4.09728 3.59614 3.89523 7.0132 4.27043 9.07195 4.25199 3.7772 5.27107 3.51134 3.44553 3.31399 3.28876 9.60135 3.2213 3.13314 3.11909 3.00408 4.41374 3.90298 8.35337 4.72557 5.43618 4.45871 3.64043
threshold=0 1 2 3 35426.000000000007 6.5000000000000009 3.5000000000000004 76077.500000000015 99476.000000000015 2.5000000000000004 12.500000000000002 5.5000000000000009 4.5000000000000009 2.5000000000000004 183204.00000000003 1474930.5000000002 4 20.500000000000004 29808.000000000004 5 165680.50000000003 9.5000000000000018 284828.00000000006 36776.500000000007 4.5000000000000009 9.5000000000000018 6.5000000000000009 23886.500000000004 8.5000000000000018 1.5000000000000002
decision_type=9 9 9 9 2 2 2 2 2 2 2 2 2 2 2 2 1 2 2 1 2 2 2 2 2 2 2 2 2 2
left_child=2 3 5 4 17 6 -1 9 11 10 -8 -9 13 -10 16 -6 -15 19 -19 -2 -14 -11 23 24 25 -5 27 -26 -28 -24
right_child=1 -3 -4 22 15 -7 7 8 12 21 -12 -13 20 14 -16 -17 -18 18 -20 -21 -22 -23 29 -25 26 -27 28 -29 -30 -31
leaf_value=0.00022206175857506945 -0.0025048780676295863 -0.03366271663588153 0.038165747730836766 -0.00064705601582325375 0.0020171457633970996 0.0061714672649171853 0.018319965858772658 -0.016151815531674395 -0.047155120193056038 -0.0034057174936227546 -0.052340090384263994 -0.076807511716706633 -0.057970707640815813 0.034169271628730222 -0.0093821835307681331 0.024719687508616923 -0.0079993977427157258 -0.0037668828429248376 -0.07859039868077683 -0.034148679854135326 -0.018288995059924425 0.035291706187958453 0.013169192852932072 -0.0057531119443036743 0.02294696095179773 -0.068240719685782797 0.0027363373479091517 -0.01148706053460187 0.051270735693686433 -0.0015921865152689599
leaf_weight=108.78671452403069 139.229412317276 1562.9956307262182 1642.7548036873341 195.8876094520092 1306.7700168639421 83.069583803415298 9.3275296986103076 4.792086333036421 6.8314638137817374 9.8527781367301959 8.8546838462352735 7.2764177918434143 6.5355909317731884 11.282211929559708 38.774117514491081 16.92921207845211 7.9368970990180978 14.700943633913996 6.0526206344366065 8.5355967581272107 20.823948606848717 11.043886750936506 45.327991664409637 1389.9909947365522 19.872729480266571 4.679975524544715 7.7967351675033596 27.081947982311249 12.038675487041472 531.74154414236546
leaf_count=483 583 8052 13151 840 5587 364 41 21 30 43 37 31 28 49 167 77 34 61 25 35 89 47 198 5980 87 20 34 118 52 2323
internal_value=0.000404797 -0.0111286 0.0311474 -0.00161267 0.00125358 -0.00335896 -0.00663233 -0.0118347 -0.0168812 0.00162817 -0.0160913 -0.0527227 -0.012189 -0.00561375 -0.000720279 0.0023075 0.0167549 -0.00695049 -0.0255886 -0.00433277 -0.0277681 0.0170459 -0.0035239 -0.00462148 0.0012619 -0.00222426 0.0117307 0.00308652 0.0321932 -0.000432701
internal_weight=7267.57 5289.63 1977.94 3726.64 1492.22 335.188 252.118 143.332 104.253 39.0789 18.1822 12.0685 92.1842 64.8247 57.9932 1323.7 19.2191 168.519 20.7536 147.765 27.3595 20.8967 2234.42 1657.35 267.358 200.568 66.7901 46.9547 19.8354 577.07
internal_count=38687 24072 14615 16020 6368 1464 1100 617 449 168 78 52 397 280 250 5664 83 704 86 618 117 90 9652 7131 1151 860 291 205 86 2521
cat_boundaries=0 1 2 3 4 5 6
cat_threshold=22028416 201643272 16 134270976 2 1
is_linear=0
shrinkage=0.05


Tree=27
num_leaves=31
num_cat=7
split_feature=5 5 6 5 0 0 4 0 4 8 4 4 0 0 8 8 0 9 0 8 0 0 4 5 0 8 8 4 0 5
split_gain=951.294 419.59 178.987 7.43655 7.29316 8.47688 6.37729 4.40383 7.83397 7.42681 3.69302 3.22903 3.49082 6.20941 3.85882 3.37051 3.30182 3.98576 2.91699 9.03495 3.20567 4.79273 4.08023 12.1634 5.35267 4.52629 5.58422 4.37235 4.27532 4.38815
threshold=0 1 2 3 22338.500000000004 19691.000000000004 9.5000000000000018 1474930.5000000002 3.5000000000000004 1.5000000000000002 6.5000000000000009 3.5000000000000004 76077.500000000015 99476.000000000015 2.5000000000000004 4.5000000000000009 199524.50000000003 4 23181.500000000004 4.5000000000000009 284828.00000000006 299028.00000000006 5.5000000000000009 5 413227.00000000006 3.5000000000000004 5.5000000000000009 7.5000000000000009 912656.00000000012 6
decision_type=9 9 9 9 2 2 2 2 2 2 2 2 2 2 2 2 2 1 2 2 2 2 2 9 2 2 2 2 2 9
left_child=2 3 10 4 5 -2 -6 18 -9 -10 11 -1 14 -14 -13 16 17 -15 19 -5 -20 -22 28 -24 27 -26 -27 -25 29 -23
right_child=1 -3 -4 7 6 -7 -8 8 9 -11 -12 12 13 15 -16 -17 -18 -19 20 -21 21 22 23 24 25 26 -28 -29 -30 -31
leaf_value=0.00021097358994358564 -0.0033740682617055201 -0.032520185048291586 0.037287910369427316 -0.0032948411727225383 0.0034699535936600239 -0.061455470635206934 0.034620885419584094 0.048871894817798932 0.047468793642675755 -0.02139207403949878 0.0058736438144871665 -0.01524723837886202 -0.049474039926396124 0.028079516632674578 0.016265831073442535 -0.02619558759074906 -0.013895240168426632 -0.013055467118453363 -0.0041434990029389886 0.025827807834835206 0.015329656993843286 0.0085273941926803844 0.0037883069774467693 0.0071144568157662973 -0.041292303051327785 0.00077450340573817912 -0.048374488846188966 -0.029408718935126556 -0.013382626133403431 -0.0014419699801628367
leaf_weight=108.77925318479538 20.597447797656063 1538.0094971805811 1598.7220948040485 102.14811512827873 642.45610950887203 9.0388211160898191 16.861064106225967 11.502563759684564 5.349409535527232 14.608624145388601 82.921436369419098 18.219973996281624 12.212881892919539 13.044525936245918 20.809108927845955 27.544991999864578 41.13781251013279 10.735062450170517 2108.6756172627211 36.024258032441139 45.761790663003922 177.24906846880913 125.4270107448101 23.665653452277184 35.949068084359169 18.888428777456284 8.3271114230155963 12.534643799066542 45.606353715062141 267.31029431521893
leaf_count=483 87 8052 13151 434 2773 38 73 56 24 64 364 78 52 57 90 117 177 46 9017 156 197 774 545 101 153 81 35 53 200 1159
internal_value=0.000391683 -0.0106265 0.0302888 -0.00153119 0.00313047 -0.0210884 0.00426659 -0.00259481 0.0160065 -0.0029351 -0.00318638 -0.0062881 -0.0112077 -0.0159662 0.00155456 -0.0115403 -0.00532195 0.00950953 -0.00279801 0.00429801 -0.00313971 -0.000357264 -0.00136133 -0.006939 -0.0189537 -0.0296465 -0.0142636 -0.00553199 0.00119662 0.00269227
internal_weight=7200.12 5265.99 1934.13 3727.98 688.953 29.6363 659.317 3039.03 31.4606 19.958 335.405 252.484 143.704 104.675 39.0291 92.4624 64.9174 23.7796 3007.57 138.172 2869.4 760.719 714.958 224.792 99.3649 63.1646 27.2155 36.2003 490.166 444.559
internal_count=38687 24072 14615 16020 2971 125 2846 13049 144 88 1464 1100 617 449 168 397 280 103 12905 590 12315 3298 3101 968 423 269 116 154 2133 1933
cat_boundaries=0 1 2 3 4 5 6 7
cat_threshold=22028416 201643272 16 134221824 2 67371272 50176
is_linear=0
shrinkage=0.05


Tree=28
num_leaves=31
num_cat=7
split_feature=5 5 6 5 0 2 8 7 0 0 0 9 0 7 0 7 7 0 0 0 0 7 9 8 7 7 0 0 0 0
split_gain=875.392 387.841 169.264 6.98819 4.52928 3.12107 4.8959 9.27535 5.98553 5.81202 5.8053 5.26288 6.88938 6.63046 3.71638 4.74753 7.70734 3.73459 3.60933 5.4791 4.01815 4.10771 3.52776 3.41743 3.77547 7.81653 3.80889 3.5832 4.27905 3.50312
threshold=0 1 2 3 33194.500000000007 4 5.5000000000000009 18.500000000000004 39656.000000000007 21469.500000000004 24627.000000000004 5 133035.00000000003 4.5000000000000009 254011.00000000003 20.500000000000004 16.500000000000004 47748.000000000007 181089.50000000003 50604.000000000007 192243.50000000003 10.500000000000002 6 2.5000000000000004 3.5000000000000004 6.5000000000000009 68168.000000000015 87690.500000000015 101967.00000000001 105770.50000000001
decision_type=9 9 9 9 2 1 2 2 2 2 2 1 2 2 2 2 2 2 2 2 2 2 1 2 2 2 2 2 2 2
left_child=2 3 -1 4 -2 6 9 8 -8 -5 -11 -10 13 -13 15 16 18 -18 19 -12 -20 -22 -15 29 -25 -26 -27 -28 -29 -21
right_child=1 -3 -4 5 -6 -7 7 -9 11 10 14 12 -14 22 -16 -17 17 -19 20 23 21 -23 -24 24 25 26 27 28 -30 -31
leaf_value=-0.0030238735372578414 -0.0070354835732347647 -0.031412194524822128 0.036419917438279749 -0.03719265128016392 0.0021256113023697077 -0.0022266572559660486 0.040421431213352212 -0.057262925257911136 0.0060094067399768074 0.038311171222159171 -0.023113001487771002 0.035225211478209131 -0.063661134115115633 -0.0053680271234423831 0.0030209256880204542 -0.025302726577727558 0.046714351663827203 0.0070287726463343142 -0.060653651015282729 -0.0036065736434103182 -0.0037689009288278462 -0.047986839744173358 -0.05902025362121828 -0.036356543069304276 0.033325732925701027 0.024635414110132356 -0.049644576007897033 0.02490638684165444 -0.023024026572635969 0.020562306482196327
leaf_weight=335.60414417088032 150.00786785781384 1513.629028454423 1556.3095826655626 13.52993558347225 1341.3402053713799 1771.4226223826408 5.248633310198783 13.187297657132147 16.728201493620872 7.9941260516643515 38.519511327147484 5.3789609968662324 9.6174425780773145 6.3255312293767929 109.896604180336 34.16364985704422 7.0085491687059394 38.455152004957199 6.3479395210742942 34.550939425826073 18.58334389328957 7.3215001970529547 5.9417545497417432 11.011807322502134 10.945426881313322 5.3657036274671546 8.1251607686281186 6.1269347518682507 19.40346297621727 26.485821008682251
leaf_count=1464 625 8052 13151 58 5743 7652 23 56 72 34 164 23 41 27 477 147 30 166 27 147 80 31 25 47 46 23 35 26 82 113
internal_value=0.000379734 -0.0101454 0.0294439 -0.00145225 0.00119612 -0.00321478 -0.00684328 -0.0200212 -0.0100474 -0.00497559 -0.00385879 -0.0160688 -0.0296153 -0.0110598 -0.00474056 -0.00787167 -0.00537217 0.0131466 -0.00973932 -0.00667282 -0.0250025 -0.0162662 -0.0313549 -0.00148275 -0.00985457 -0.00401398 -0.0144877 -0.0207251 -0.0115214 0.00688108
internal_weight=7134.58 5242.66 1891.91 3729.03 1491.35 2237.69 466.263 62.4278 49.2405 403.836 390.306 43.9919 27.2637 17.6462 382.312 272.415 238.251 45.4637 192.788 160.535 32.2528 25.9048 12.2673 122.015 60.9785 49.9667 39.0213 33.6556 25.5304 61.0368
internal_count=38687 24072 14615 16020 6368 9652 2000 267 211 1733 1675 188 116 75 1641 1164 1017 196 821 683 138 111 52 519 259 212 166 143 108 260
cat_boundaries=0 1 2 3 4 5 6 7
cat_threshold=22028416 201643272 16 134270976 16 4 2
is_linear=0
shrinkage=0.05


Tree=29
num_leaves=31
num_cat=5
split_feature=6 6 1 0 4 0 4 8 7 4 8 8 0 2 8 7 0 0 0 7 2 0 0 0 7 7 0 0 0 8
split_gain=714.847 184.294 8.19626 7.06484 5.43092 4.9174 3.2426 3.17911 3.05208 2.86832 6.20318 5.22089 7.90129 6.01185 5.00735 4.37458 9.91603 8.65716 4.65163 4.24093 4.10782 9.28981 6.35541 5.79823 3.75591 4.5407 6.64459 12.7194 3.29119 4.72837
threshold=0 1 2 1720446.5000000002 9.5000000000000018 23886.500000000004 1.5000000000000002 1.0000000180025095e-35 4.5000000000000009 2.5000000000000004 4.5000000000000009 1.5000000000000002 869947.00000000012 3 1.0000000180025095e-35 15.500000000000002 224879.50000000003 93547.000000000015 535905.00000000012 5.5000000000000009 4 295522.00000000006 281076.00000000006 156468.50000000003 18.500000000000004 14.500000000000002 71002.000000000015 29090.000000000004 733058.00000000012 1.0000000180025095e-35
decision_type=9 9 1 2 2 2 2 2 2 2 2 2 2 1 2 2 2 2 2 2 1 2 2 2 2 2 2 2 2 2
left_child=-1 2 5 4 9 -2 -7 -6 -9 10 11 13 24 14 -3 17 -17 19 -18 -12 21 -19 23 -22 25 -13 27 -27 -11 -30
right_child=1 3 -4 -5 7 6 -8 8 -10 28 15 12 -14 -15 -16 16 18 20 -20 -21 22 -23 -24 -25 -26 26 -28 -29 29 -31
leaf_value=-0.030317719031375617 0.031218067410260543 -0.00078697891831330097 0.018216783935882396 0.030317209618733239 0.043229851517030349 -0.031596186521451762 0.0024613940734352965 0.036040175818018667 0.004349500218065851 -0.0023837666632523864 -0.042521072762429557 0.012285321690223422 -0.04064704682700291 0.0056253006446712137 -0.028972303531301688 -0.0058097168187004264 -0.082987810747447946 0.021534242427829784 -0.019032442065078231 -0.0075191488405551973 0.028059312141369887 -0.039967216821042435 0.040059141344984797 -0.019626152479626496 0.023579006954157877 -0.045441058442420378 -0.018648529132461355 0.054117962742405913 -0.016559392917461693 0.012454039264327236
leaf_weight=1487.3903846740723 14.352889545261858 31.74938191473484 2685.0957203134894 18.404392242431641 7.9281594008207312 7.5318320468068114 96.943898439407349 9.044820308685301 47.480989813804626 2025.0225464999676 13.835786566138266 152.51672521233559 7.5751965641975394 104.88687899708748 31.28619521856308 34.955984145402908 7.4103202074766141 11.915084987878801 4.6129193603992462 23.106900289654732 12.046173304319383 12.668422371149061 20.757324203848839 13.54007765650749 49.075515240430832 4.729191228747367 31.323885411024094 9.9741263985633832 17.168375164270401 77.135148227214813
leaf_count=8042 76 135 18201 86 34 38 523 39 201 8569 59 653 33 446 133 150 32 51 20 98 51 55 90 58 211 20 134 43 74 332
internal_value=0.000366867 0.00857903 0.017607 -0.00055658 -0.000764339 0.003483 6.12551e-06 0.0135791 0.0094204 -0.00110709 0.00201516 0.00514881 0.00965418 -0.00169808 -0.012753 -0.00654737 -0.0192818 -0.00100128 -0.0584503 -0.0206281 0.00922143 -0.00722134 0.0160407 0.00282447 0.011193 0.00813146 -0.00563285 0.0220957 -0.00195856 0.00717202
internal_weight=7071.47 5584.07 2803.92 2780.15 2761.75 118.829 104.476 64.454 56.5258 2697.29 577.966 423.117 255.195 167.922 63.0356 154.849 46.9792 107.87 12.0232 36.9427 70.9271 24.5835 46.3436 25.5863 247.619 198.544 46.0272 14.7033 2119.33 94.3035
internal_count=38687 30645 18838 11807 11721 637 561 274 240 11447 2472 1808 1094 714 268 664 202 462 52 157 305 106 199 109 1061 850 197 63 8975 406
cat_boundaries=0 1 2 3 4 5
cat_threshold=2 8 8 17 41
is_linear=0
shrinkage=0.05


Tree=30
num_leaves=31
num_cat=6
split_feature=5 5 6 4 1 8 5 8 0 0 8 0 0 0 4 0 8 1 7 4 0 0 0 0 0 7 0 7 8 0
split_gain=792.177 330.263 130.517 4.58968 4.64919 4.36711 4.07073 5.64527 5.56178 7.60195 7.11669 4.61638 7.44095 4.62453 5.28523 6.80278 9.22586 4.60065 6.18586 5.54504 4.56935 4.32489 4.2881 5.01571 6.72817 4.10643 5.08409 5.56954 4.92315 4.54857
threshold=0 1 2 1.5000000000000002 3 1.0000000180025095e-35 4 3.5000000000000004 133035.00000000003 169582.00000000003 2.5000000000000004 968814.50000000012 759089.00000000012 44845.500000000007 8.5000000000000018 56148.500000000007 4.5000000000000009 5 21.500000000000004 2.5000000000000004 58638.000000000007 129638.00000000001 1087860.0000000002 383069.50000000006 464456.00000000006 7.5000000000000009 192243.50000000003 1.0000000180025095e-35 1.0000000180025095e-35 337251.50000000006
decision_type=9 9 9 2 1 2 9 2 2 2 2 2 2 2 2 2 2 1 2 2 2 2 2 2 2 2 2 2 2 2
left_child=2 3 -1 4 -2 -6 8 -8 17 10 -10 12 13 -9 15 16 -15 19 21 -5 -17 -19 23 25 -25 26 -11 -28 -27 -29
right_child=1 -3 -4 6 5 -7 7 11 9 22 -12 -13 -14 14 -16 20 -18 18 -20 -21 -22 -23 -24 24 -26 28 27 29 -30 -31
leaf_value=-0.00013247532478213828 0.0076095554752793866 -0.030091546949356875 0.034439448023327532 0.026782703582905673 0.022102944406423981 -0.011574819990952261 -0.0062937241300323413 0.0076509806725125716 0.029028023532186156 0.034091475073214299 0.0034603787910272806 -0.021531249755885884 0.031773606550564971 0.010679748965378153 -0.018393396276584279 0.032526814651900431 -0.034184514922458657 -0.0039941705895202668 -0.024274851663877259 -1.6699204628517195e-05 -0.00054139027665967509 -0.04773943981993406 0.018846490272474016 -0.021609628226464877 -0.0012786428689092893 -0.018722082954779232 -0.026254501540945725 0.0048816399507880205 0.0020761355127024775 0.034889706335241959
leaf_weight=343.05763609707355 210.92394952476025 1462.7471205592155 1500.0521189942956 21.976194337010384 11.205476701259611 68.292761325836182 1185.856197938323 129.26447366178036 48.348356246948242 19.442303135991096 62.270998939871788 26.547453597187996 17.643844455480576 17.346261098980904 49.490238830447197 10.634688079357145 33.762697204947472 450.39429497718811 43.508055225014687 158.59695371985435 590.53928904235363 5.7218372076749793 29.795493423938751 56.203187346458435 147.45686332881451 32.79112184047699 11.71408389508724 66.163762584328651 215.08284038305283 15.606893330812452
leaf_count=1496 915 8031 13189 93 48 293 5128 563 206 83 266 119 78 75 213 46 146 1896 184 672 2563 24 134 241 633 140 50 284 922 67
internal_value=-3.80955e-05 -0.0100256 0.0280386 -0.00211116 0.00391957 -0.00606495 -0.00262552 -0.00402612 -0.000508592 0.00260018 0.0146352 -0.00099973 -0.000357487 -0.00103967 -0.00264046 -0.00144524 -0.0189577 -0.00373763 -0.00613837 0.00307459 4.35819e-05 -0.00454294 0.000359888 -0.000615941 -0.0068893 0.00292516 0.010828 0.00598986 -0.00067525 0.010609
internal_weight=7042.44 5199.33 1843.11 3736.58 290.422 79.4982 3446.16 2061.09 1385.07 704.876 110.619 875.229 848.681 831.038 701.773 652.283 51.109 680.197 499.624 180.573 601.174 456.116 594.257 564.461 203.66 360.801 112.927 93.4847 247.874 81.7707
internal_count=38798 24113 14685 16082 1256 341 14826 8931 5895 3026 472 3803 3684 3606 3043 2830 221 2869 2104 765 2609 1920 2554 2420 874 1546 484 401 1062 351
cat_boundaries=0 1 2 3 4 5 6
cat_threshold=22028416 201643272 16 6 134254600 3
is_linear=0
shrinkage=0.05


Tree=31
num_leaves=31
num_cat=8
split_feature=5 5 6 5 0 0 8 1 3 0 0 0 8 7 7 0 0 0 8 9 9 0 7 0 9 8 7 7 0 0
split_gain=727.957 305.455 123.581 3.13217 5.73227 6.53516 5.28279 5.24752 6.52301 6.57023 7.52001 5.42296 5.3342 5.19369 5.84176 4.96151 4.35644 8.40903 8.37055 5.30884 4.20014 5.45087 4.8812 4.13619 3.99012 3.8998 3.77373 3.75841 8.51093 5.96699
threshold=0 1 2 3 133035.00000000003 169582.00000000003 2.5000000000000004 4 1.0000000180025095e-35 242190.50000000003 116332.00000000001 158239.50000000003 3.5000000000000004 15.500000000000002 19.500000000000004 413227.00000000006 79923.000000000015 97128.000000000015 1.5000000000000002 5 6 145781.00000000003 18.500000000000004 433513.00000000006 7 2.5000000000000004 12.500000000000002 3.5000000000000004 709669.50000000012 583193.00000000012
decision_type=9 9 9 9 2 2 2 1 2 2 2 2 2 2 2 2 2 2 2 1 1 2 2 2 1 2 2 2 2 2
left_child=2 3 -1 4 16 6 -6 -5 9 10 13 20 -11 25 -15 -10 -2 26 -19 -20 21 -12 -22 -17 -16 -9 -18 28 29 -7
right_child=1 -3 -4 7 5 27 -8 8 15 12 11 -13 -14 14 24 23 17 18 19 -21 22 -23 -24 -25 -26 -27 -28 -29 -30 -31
leaf_value=-0.00012603449231759483 -0.00072307769539942416 -0.029062229719173435 0.033592434351964115 -0.0010675542261688199 0.025628626543972743 0.0074553282406604488 0.0043793146474981346 -0.015559119637180083 -0.0074599193332370601 0.013675732002015169 0.0067583425281578071 -0.0069397046520382468 -0.0039088655398513443 0.029819086927149213 -0.014701236121952855 -0.06490563076560997 -0.031348313612487154 0.017438040038402214 -0.033745466610236051 -0.004173828601535875 -0.030976199276896106 -0.048544656185591818 -0.082301595319037871 -0.017563058953106874 0.02226899967686263 0.0025019006824803496 -0.010291249843266948 -0.00084185992058205972 0.048736792144772396 -0.048214756965696479
leaf_weight=343.07028156518936 499.39512400329113 1439.7748534977436 1462.2059000506997 1281.1816945225 51.536534696817398 84.637161880731583 67.634719416499138 56.278254374861717 390.78836509585381 97.222007915377617 13.407492667436602 63.672580018639565 77.508287191390991 26.077379882335663 21.22027987241745 4.8403862863779059 45.475424155592918 40.923618733882904 18.160399794578552 92.388941168785095 22.619527772068981 6.6733219623565665 5.8253551125526419 98.453871741890907 11.124267965555189 63.737546846270561 39.986135140061378 540.28513522446156 12.23903840780258 5.1036465466022483
leaf_count=1496 2106 8031 13189 5563 221 364 289 240 1668 428 57 275 344 113 92 21 191 173 76 391 96 29 25 431 48 274 168 2323 54 22
internal_value=-3.30957e-05 -0.00956823 0.0272193 -0.00200297 -0.00022512 0.00281518 0.0135687 -0.0031851 -0.00597255 -0.00178679 -0.0063933 -0.016536 0.00587541 -1.57447e-05 0.0122106 -0.0100359 -0.00337214 -0.00895566 -0.00188033 -0.00903168 -0.0291278 -0.0116201 -0.0414874 -0.0197815 -0.00198605 -0.00596734 -0.021496 0.00081987 0.00962365 0.00428932
internal_weight=6983.45 5178.17 1805.28 3738.4 1497.77 761.436 119.171 2240.63 959.449 465.366 290.636 112.198 174.73 178.438 58.4219 494.083 736.33 236.935 151.473 110.549 48.5257 20.0808 28.4449 103.294 32.3445 120.016 85.4616 642.265 101.98 89.7408
internal_count=38798 24113 14685 16082 6378 3273 510 9704 4141 2021 1249 482 772 767 253 2120 3105 999 640 467 207 86 121 452 140 514 359 2763 440 386
cat_boundaries=0 1 2 3 4 5 6 7 8
cat_threshold=22028416 201643272 16 134254600 4 4 2 1
is_linear=0
shrinkage=0.05


Tree=32
num_leaves=31
num_cat=6
split_feature=6 6 1 0 9 0 0 4 8 0 7 0 7 0 4 0 9 7 4 8 9 4 0 8 7 8 0 0 0 0
split_gain=561.865 158.418 8.93038 6.64761 5.27019 4.61871 4.6049 3.82859 5.40256 4.62855 5.75857 4.81378 4.35141 4.89761 6.52607 4.86228 4.63799 4.33707 3.4323 3.86353 4.70983 5.3118 3.70741 3.38806 3.28831 4.68907 3.35081 3.28429 5.91367 5.19461
threshold=0 1 2 303061.00000000006 3 23886.500000000004 151133.00000000003 2.5000000000000004 4.5000000000000009 791219.50000000012 3.5000000000000004 646099.00000000012 13.500000000000002 224879.50000000003 1.5000000000000002 596011.50000000012 4 1.5000000000000002 5.5000000000000009 2.5000000000000004 5 3.5000000000000004 257144.00000000003 1.5000000000000002 18.500000000000004 1.5000000000000002 16555.500000000004 139077.50000000003 144219.50000000003 79923.000000000015
decision_type=9 9 1 2 1 2 2 2 2 2 2 2 2 2 2 2 1 2 2 2 1 2 2 2 2 2 2 2 2 2
left_child=-1 2 3 4 -2 23 -7 8 24 11 -11 17 15 16 -15 -10 -14 18 19 -9 -21 -22 -23 -6 26 -26 -3 29 -29 -19
right_child=1 7 -4 -5 5 6 -8 9 12 10 -12 -13 13 14 -16 -17 -18 27 -20 20 21 22 -24 -25 25 -27 -28 28 -30 -31
leaf_value=-0.028011015824197696 0.012786624600485333 -0.042228492459271752 0.016399758263490771 0.046015213189026141 -0.018989595161424927 -0.026985417987748783 0.0031857988758819504 -0.027612483816472674 -0.0020370842083739554 0.03627073223249281 0.0032092884382035193 -0.018015013865516707 0.033497212091063738 0.0046178146477138683 -0.055664274333291498 0.038760716219158359 -0.01259565823925473 -0.00086722094277414243 -0.0017894908519095446 -0.027545557403715538 0.024258641926115869 0.00017806153714681994 -0.044079292194601744 0.03673873396608808 -0.00075649634262330294 0.023140319785411135 0.003641800722416245 0.027275719653773452 6.1193394615609214e-05 -0.0083599049716125886
leaf_weight=1415.7493968456984 38.73479687422514 4.0287593752145758 2604.9941012188792 7.7588489949703208 4.1487810760736448 36.153466939926147 19.450497761368752 41.195032358169556 80.710258826613426 15.632575437426565 83.635236144065857 49.659087523818016 6.3294134885072708 6.7060559689998636 13.584338054060936 8.0296510457992536 39.62298858165741 661.83763252198696 76.185413494706154 19.634119108319283 16.275062561035156 15.545862480998041 6.8025509417057028 7.9603395983576775 33.257200688123703 53.633042588829994 338.0971702337265 20.444567561149597 845.01195108890533 355.61584408581257
leaf_count=8024 215 17 18298 44 22 187 109 175 345 69 366 212 27 29 58 36 169 2785 320 83 70 65 29 45 142 232 1449 87 3594 1495
internal_value=-2.9033e-05 0.0071976 0.0157693 0.00122643 -0.00192296 -0.0103375 -0.0164314 -0.00117867 0.00241721 -0.00213532 0.00841576 -0.00263213 -0.00558406 -0.015281 -0.0357408 0.00165451 -0.0062469 -0.00226104 -0.00977542 -0.015893 -0.00760597 0.00253026 -0.0132933 0.0176453 0.00530768 0.0139938 0.00310165 -0.0015601 0.000704079 -0.00348603
internal_weight=6926.42 5510.67 2719.2 114.207 106.448 67.7131 55.604 2791.47 583.999 2207.47 99.2678 2108.21 154.983 66.2428 20.2904 88.7399 45.9524 2058.55 175.638 99.4526 58.2576 38.6235 22.3484 12.1091 429.016 86.8902 342.126 1882.91 865.457 1017.45
internal_count=38798 30774 18920 622 578 363 296 11854 2504 9350 435 8915 664 283 87 381 196 8703 742 422 247 164 94 67 1840 374 1466 7961 3681 4280
cat_boundaries=0 1 2 3 4 5 6
cat_threshold=2 8 8 2 4 2
is_linear=0
shrinkage=0.05


Tree=33
num_leaves=31
num_cat=11
split_feature=5 5 6 4 5 8 2 9 2 4 7 7 7 2 8 7 9 2 4 4 7 8 4 7 7 7 7 8 5 7
split_gain=643.009 254.047 113.264 3.95389 4.52025 5.21924 9.81194 4.42415 7.20345 5.50623 5.19552 8.63102 5.04113 4.36569 5.0111 7.01861 4.14123 5.70608 7.17077 5.92391 5.38097 5.21198 3.9755 6.95404 4.64803 4.0395 3.901 4.14493 6.19811 3.6475
threshold=0 1 2 1.5000000000000002 3 3.5000000000000004 4 5 6 8.5000000000000018 5.5000000000000009 3.5000000000000004 15.500000000000002 7 1.0000000180025095e-35 1.5000000000000002 8 9 4.5000000000000009 6.5000000000000009 9.5000000000000018 2.5000000000000004 7.5000000000000009 1.5000000000000002 19.500000000000004 1.5000000000000002 11.500000000000002 1.5000000000000002 10 18.500000000000004
decision_type=9 9 9 2 9 2 1 1 1 2 2 2 2 1 2 2 1 1 2 2 2 2 2 2 2 2 2 2 9 2
left_child=2 3 -1 -2 22 13 -7 8 9 10 11 -8 -9 14 15 -6 17 18 20 -19 -15 -22 25 -24 -25 -5 27 -18 -29 -28
right_child=1 -3 -4 4 5 6 7 12 -10 -11 -12 -13 -14 16 -16 -17 26 19 -20 -21 21 -23 23 24 -26 -27 29 28 -30 -31
leaf_value=-4.3632907522479086e-05 0.003472974840865051 -0.027091827333462305 0.032348283424970259 -0.011234883914287586 -0.042570197263520182 -0.0083924431898625401 0.011413749794971296 0.0096820850217704743 -0.014000183086717187 -0.036436385045069013 0.016053216810352714 -0.04884473840537723 -0.0022748964164444863 -0.045989177440684564 -0.014252179091700901 0.0039614279834063381 -0.0048333581602487009 0.013646720485421471 0.0035995927672713211 -0.009084267118963648 -0.022057504551333335 0.027797971806485956 0.039271069346343633 0.0072161077493051954 -0.013401107178572146 -0.00061231365178862499 0.0026686092472269878 0.0042412245366433869 -0.021687214093916399 -0.0089843435922643006
leaf_weight=343.20502178370953 289.55989953875542 1395.9533884823322 1408.6324595212936 97.520345866680145 9.0072550475597364 297.18200944364071 16.519349589943889 262.09252318739891 79.944920763373375 7.2194040864706031 68.686870232224464 9.2811155766248685 132.8234751522541 16.379233568906784 284.52603068947792 80.804428532719612 149.16937279701233 110.31215323507786 56.65926319360733 38.724011152982712 21.81101264059544 6.9008554667234412 14.670665651559828 152.12414009869099 33.3255415558815 1087.7885360270739 159.59873540699482 31.619047805666924 103.7047244310379 115.93240730464458
leaf_count=1496 1256 8031 13189 413 39 1294 71 1139 344 31 300 40 584 71 1231 349 643 479 246 166 95 30 63 648 141 4630 692 133 450 504
internal_value=-2.90947e-05 -0.00896431 0.0260381 -0.00213289 -0.00261036 -0.00408744 -0.00117539 0.00264421 -0.00376784 0.00514571 0.00886742 -0.0102628 0.00566055 -0.00626884 -0.0107157 -0.00070525 -0.00403387 0.00125619 -0.00750408 0.00725382 -0.0231206 -0.0100748 -0.000382979 0.0061327 0.00351117 -0.00148628 -0.00647487 -0.0105817 -0.0169181 -0.00223448
internal_weight=6881.68 5129.84 1751.84 3733.89 3444.33 2058.9 873.75 576.568 181.652 101.707 94.4873 25.8005 394.916 1185.15 374.338 89.8117 810.811 250.787 101.75 149.036 45.0911 28.7119 1385.43 200.12 185.45 1185.31 560.024 284.493 135.324 275.531
internal_count=38798 24113 14685 16082 14826 8931 3803 2509 786 442 411 111 1723 5128 1619 388 3509 1087 442 645 196 125 5895 852 789 5043 2422 1226 583 1196
cat_boundaries=0 1 2 3 4 5 6 7 8 9 10 11
cat_threshold=22028416 201643272 16 134254600 34 2 5 12 2 2 16384
is_linear=0
shrinkage=0.05


Tree=34
num_leaves=31
num_cat=12
split_feature=5 5 6 4 1 5 8 2 9 2 1 7 4 8 4 7 7 7 8 7 7 2 8 7 9 2 4 4 7 8
split_gain=590.603 234.631 107.042 3.57379 4.14006 4.09298 4.68505 8.84326 4.03059 6.53982 5.00256 5.02717 6.09076 8.01397 4.94423 4.70692 7.69777 4.67592 3.96783 4.02345 3.96831 3.90311 4.49247 6.26848 3.74577 5.14986 6.42166 5.36453 4.75593 4.69955
threshold=0 1 2 1.5000000000000002 3 4 3.5000000000000004 5 6 7 8 16.500000000000004 3.5000000000000004 5.5000000000000009 8.5000000000000018 5.5000000000000009 3.5000000000000004 20.500000000000004 1.0000000180025095e-35 2.5000000000000004 9.5000000000000018 9 1.0000000180025095e-35 1.5000000000000002 10 11 4.5000000000000009 6.5000000000000009 9.5000000000000018 2.5000000000000004
decision_type=9 9 9 2 1 9 2 1 1 1 1 2 2 2 2 2 2 2 2 2 2 1 2 2 1 1 2 2 2 2
left_child=2 3 -1 4 -2 -5 21 -8 9 14 -10 -12 -13 17 15 16 -9 -14 -6 -20 -21 22 23 -7 25 26 28 -27 -23 -30
right_child=1 -3 -4 5 18 6 7 8 10 -11 11 12 13 -15 -16 -17 -18 -19 19 20 -22 24 -24 -25 -26 27 -28 -29 29 -31
leaf_value=-4.1512371161819417e-05 0.0068149310384613363 -0.026145203436198656 0.031522004168821331 -0.00036359717146167738 0.020861701015097253 -0.039997682851173319 -0.0079687030205057661 0.010874142881227218 0.009918934544224673 -0.013336308498728562 0.0038670146535319076 0.0089767689526143585 -0.033058673650944129 -0.064924252276746558 -0.034317896058681407 0.015321069920653194 -0.045850618516669168 0.016479055714214867 0.031328651304360779 -0.032478729931106703 -0.0059182400615092499 -0.043163816290041609 -0.013488933232236933 0.0037672755433525297 -0.006156035633023034 0.013013245748425009 0.0034229622993641028 -0.0086111432339269368 -0.020827626629115074 0.026621505076024871
leaf_weight=343.20917546749115 209.84679669141769 1375.0737380385399 1374.4209199398756 1385.5126610249281 11.12206247448921 9.1046227812767011 297.84973129630089 16.47333708405495 229.6517845839262 80.218885689973831 119.08997347950935 16.1828403621912 10.293448612093927 10.240827396512033 7.2801834791898719 68.378785341978073 9.3898913413286191 8.8671029806137067 5.1110857576131812 21.118672356009483 42.091179847717285 16.573559150099754 285.56654398143291 80.722521081566811 560.92705957591534 109.90850758552551 56.605248302221298 38.80685992538929 21.940564289689068 6.8469281941652289
leaf_count=1496 915 8031 13189 5895 48 39 1294 71 1008 344 515 72 45 44 31 300 40 39 22 90 181 71 1231 349 2422 479 246 166 95 30
internal_value=-2.80406e-05 -0.00855659 0.0252514 -0.00202992 0.00330249 -0.0024834 -0.00388787 -0.00112839 0.00250321 -0.00361388 0.005386 -0.00144985 -0.0156584 -0.0292178 0.00489944 0.00844886 -0.00972032 -0.0101336 -0.00606939 -0.0113419 -0.0147922 -0.00595227 -0.0101508 -0.000668616 -0.00383797 0.00119586 -0.00711209 0.00690604 -0.0218265 -0.00954214
internal_weight=6828.43 5110.8 1717.63 3735.72 289.29 3446.43 2060.92 873.917 576.067 181.741 394.326 164.674 45.5842 29.4014 101.522 94.242 25.8632 19.1606 79.443 68.3209 63.2099 1187 375.394 89.8271 811.609 250.682 101.966 148.715 45.3611 28.7875
internal_count=38798 24113 14685 16082 1256 14826 8931 3803 2509 786 1723 715 200 128 442 411 111 84 341 293 271 5128 1619 388 3509 1087 442 645 196 125
cat_boundaries=0 1 2 3 4 5 6 7 8 9 10 11 12
cat_threshold=22028416 201643272 16 6 134254600 34 2 5 4 12 2 2
is_linear=0
shrinkage=0.05


Tree=35
num_leaves=31
num_cat=6
split_feature=6 6 1 4 6 1 8 0 8 8 0 0 0 7 0 0 0 0 0 0 7 0 4 7 9 0 3 0 0 4
split_gain=429.96 125.723 7.53068 3.34565 3.65516 7.99426 7.35768 5.85811 5.50687 3.88672 3.84984 11.372 5.50454 5.34947 3.7405 3.62926 3.52457 4.13626 3.43713 4.90154 4.52412 5.31521 3.42828 6.97297 4.92567 3.8312 3.37082 3.29498 3.26693 3.77098
threshold=0 1 2 3.5000000000000004 3 4 4.5000000000000009 295522.00000000006 2.5000000000000004 1.5000000000000002 167721.50000000003 78992.000000000015 59399.000000000007 3.5000000000000004 709669.50000000012 1720446.5000000002 19691.000000000004 25376.500000000004 546473.00000000012 525221.00000000012 17.500000000000004 626210.00000000012 7.5000000000000009 14.500000000000002 5 16555.500000000004 1.0000000180025095e-35 158239.50000000003 49136.000000000007 5.5000000000000009
decision_type=9 9 1 2 9 1 2 2 2 2 2 2 2 2 2 2 2 2 2 2 2 2 2 2 1 2 2 2 2 2
left_child=-1 2 -2 15 5 8 7 22 9 -5 11 12 16 -14 -9 -3 -8 -18 19 -6 21 -20 25 -24 -25 -7 -16 -13 29 -19
right_child=1 3 -4 4 18 6 10 14 -10 -11 -12 27 13 -15 26 -17 17 28 20 -21 -22 -23 23 24 -26 -27 -28 -29 -30 -31
leaf_value=-0.025415326180811271 0.00071371627515799392 0.00044640446902991171 0.014445476988121049 -0.022704636933263366 -0.0061852280691145735 -0.028929718470935357 0.028931256836774985 -0.0091928010341985004 -0.0063647119287871179 -0.06336457370651781 0.00012507049778678143 -0.025342251556991876 -0.025530800990613209 0.034775685269789601 0.038124121809833392 0.031761434924753244 -0.051726970049436764 0.02810022097679922 0.045070748415233799 -0.054341375118313065 -0.016947354805180861 0.0044765228633527714 0.024669380719847263 -0.049365447684294461 0.0044197966759892005 0.0049411641668020423 0.0013759376885698093 -0.067363997181085586 -0.028398794192692992 -0.010516773613792597
leaf_weight=1347.4551483094692 116.16417796909809 1137.2061285674572 2523.1459783613682 15.405261963605881 656.16935883462429 8.5463744252920133 5.6839110255241385 120.18938447535038 29.807053849101067 9.5031163394451141 109.83179603517056 53.433263748884201 4.6968446820974377 16.939493879675865 7.7143684923648825 9.3282580077648145 5.9471341371536246 9.4288871139287966 10.504658818244932 5.3269703239202491 16.112625554203987 34.701244175434113 61.573103830218315 5.0835681855678558 26.172389805316929 361.0499656945467 32.657170027494431 5.1111424565315238 12.538426890969275 19.183899372816086
leaf_count=7990 646 4863 18329 63 2701 36 24 517 122 39 473 228 20 73 34 47 25 40 44 22 68 147 268 22 113 1549 143 22 54 82
internal_value=-0.000242687 0.00604056 0.0138461 -0.00136685 -0.00281804 -0.000686309 0.000574387 0.00345853 -0.017641 -0.0382173 -0.00680237 -0.0125247 0.000444897 0.0216843 -0.00476977 0.000701185 -0.00826148 -0.01275 -0.0054479 -0.00657303 0.0058013 0.0139095 0.00631552 0.0149058 -0.00432801 0.00415795 0.00839794 -0.0290109 -0.00711705 0.00220884
internal_weight=6776.61 5429.16 2639.31 2789.85 1643.31 920.497 865.781 622.986 54.7154 24.9084 242.795 132.963 74.4186 21.6363 160.561 1146.53 52.7823 47.0983 722.815 661.496 61.3185 45.2059 462.425 92.8291 31.256 369.596 40.3715 58.5444 41.1512 28.6128
internal_count=38804 30814 18975 11839 6929 3947 3723 2682 224 102 1041 568 318 93 694 4910 225 201 2982 2723 259 191 1988 403 135 1585 177 250 176 122
cat_boundaries=0 1 2 3 4 5 6
cat_threshold=2 8 8 16 8 4
is_linear=0
shrinkage=0.05


Tree=36
num_leaves=31
num_cat=9
split_feature=5 5 5 5 4 9 7 0 4 7 0 8 0 7 0 0 5 7 2 7 4 8 0 0 0 5 4 8 5 0
split_gain=485.154 201.09 30.9656 7.63307 5.95644 6.36741 4.76654 6.75564 6.75316 4.69524 3.99051 3.97799 6.20629 6.03047 5.1321 5.03714 3.56757 3.43581 4.76224 5.43422 3.86681 3.83286 9.30527 5.66553 4.86597 5.34956 3.96302 3.57409 3.53085 3.37688
threshold=0 1 2 3 7.5000000000000009 4 12.500000000000002 248003.50000000003 9.5000000000000018 2.5000000000000004 165680.50000000003 1.0000000180025095e-35 92310.000000000015 13.500000000000002 125167.00000000001 47748.000000000007 5 16.500000000000004 6 5.5000000000000009 7.5000000000000009 2.5000000000000004 346596.50000000006 327913.50000000006 1474930.5000000002 7 1.5000000000000002 1.0000000180025095e-35 8 457319.50000000006
decision_type=9 9 9 9 2 1 2 2 2 2 2 2 2 2 2 2 9 2 1 2 2 2 2 2 2 9 2 2 9 2
left_child=2 16 4 -4 11 6 8 -8 -6 10 -7 12 13 -1 -14 -15 -2 18 19 20 -18 22 23 26 25 -23 -19 -21 -28 -24
right_child=1 -3 3 -5 5 9 7 -9 -10 -11 -12 -13 14 15 -16 -17 17 21 -20 27 -22 24 29 -25 -26 -27 28 -29 -30 -31
leaf_value=0.0039804982861903759 -9.8321867174534352e-05 -0.024598304740552891 0.039582355640093908 0.025364591508389545 0.036998769718566145 0.020211598253692217 -0.070221488665409268 0.0076698145211384411 -0.049423293145625158 0.038760902501562861 -0.049531008559083933 0.015248259490341138 0.056997820921785895 -0.01013919074788504 0.0093319720702204467 -0.069995282641118817 -0.0047748451821230395 0.014514175967341544 -0.0056728453110674038 0.026484066646938049 -0.040872502047768454 0.0084439293216219697 0.034996856029168487 -0.064160205380235938 -0.044226355616742589 -0.0036428402251573659 0.0040368622679997817 0.0045162256466732068 -0.012551565261078063 0.006593320209543941
leaf_weight=23.600251011550426 1497.4284077733755 1330.1560505032539 241.22691455483437 642.25107773393393 14.995774835348135 9.1525317654013616 3.9769894182682028 9.2779354155063611 2.6616892516612998 67.829365313053131 2.6433998569846144 592.49129288643599 6.3336278200149527 7.7538791075348836 52.092250049114227 6.4292497560381889 69.897616446018219 18.168792977929115 1335.4244230240583 21.488782703876495 8.2997319251298887 222.09752412140369 14.222778439521788 4.5617206543683997 5.3564739674329749 146.28434158861637 39.081164062023163 133.80749759078026 168.46980407834053 39.599029362201691
leaf_count=177 6374 7999 2414 6481 116 70 28 68 21 515 20 4318 49 58 378 46 305 80 5775 93 36 978 63 20 24 638 174 586 724 176
internal_value=-0.000233148 -0.00797817 0.0229415 0.0296462 0.0152554 0.0262205 0.0069605 -0.0157006 0.0239715 0.0336976 0.00458268 0.013717 0.00428682 -0.0115049 0.0144992 -0.0372721 -0.00199204 -0.00325937 -0.00454578 0.00205522 -0.00860619 -0.000240904 -0.00461831 -0.00899298 0.00308665 0.00377461 -0.00787807 0.00755598 -0.00983827 0.0140991
internal_weight=6737.06 5054.34 1682.72 883.478 799.238 110.538 30.9124 13.2549 17.6575 79.6253 11.7959 688.701 96.2093 37.7834 58.4259 14.1831 3724.19 2226.76 1568.92 233.494 78.1973 657.842 284.103 230.281 373.738 368.382 225.72 155.296 207.551 53.8218
internal_count=38804 24045 14759 8895 5864 838 233 96 137 605 90 5026 708 281 427 104 16046 9672 6795 1020 341 2877 1237 998 1640 1616 978 679 898 239
cat_boundaries=0 1 2 3 4 5 6 7 8 9
cat_threshold=22028416 201643272 16777216 1048704 4 134254600 1 263424 67108864
is_linear=0
shrinkage=0.05


Tree=37
num_leaves=31
num_cat=8
split_feature=6 6 1 2 0 4 2 7 0 7 0 2 0 4 0 0 0 0 0 4 0 1 0 7 0 0 0 0 0 9
split_gain=360.135 108.098 6.805 4.69678 3.08895 3.08876 3.99869 5.06999 4.45552 3.76117 3.74334 3.83484 5.61098 4.15141 3.63801 3.26607 9.62866 3.95523 7.88771 3.09856 2.96218 7.53706 9.86088 3.75442 4.22353 3.57917 3.52548 4.91668 2.90307 3.27984
threshold=0 1 2 3 13498.000000000002 3.5000000000000004 4 18.500000000000004 52196.000000000007 20.500000000000004 183204.00000000003 5 120774.00000000001 1.5000000000000002 88880.000000000015 494759.00000000006 596011.50000000012 242190.50000000003 222502.50000000003 8.5000000000000018 91179.000000000015 6 134593.00000000003 17.500000000000004 109628.00000000001 277711.00000000006 160065.50000000003 484147.50000000006 323261.50000000006 7
decision_type=9 9 1 1 2 2 1 2 2 2 2 1 2 2 2 2 2 2 2 2 2 1 2 2 2 2 2 2 2 1
left_child=-1 2 28 4 -4 6 7 15 -9 -8 11 12 14 -13 -11 17 -17 18 -3 -7 -21 23 -23 24 -22 -25 -26 -28 29 -2
right_child=1 5 3 -5 -6 19 9 8 -10 10 -12 13 -14 -15 -16 16 -18 -19 -20 20 21 22 -24 25 26 -27 27 -29 -30 -31
leaf_value=-0.023637986552885751 -0.01343342334573086 -0.0009203776322564655 0.053878293016810297 0.011342334394460689 0.01635849645137669 -0.0034944323169963966 0.00094724415894948712 0.013662849570578426 -0.027285539780870706 -0.016482308705200649 0.02211937494669618 -0.015305528564662302 -0.063212297234038192 0.021042768022731181 0.029686133679260096 -0.06318057605091397 0.0082250144121043169 0.014714955696393254 -0.061521656806702733 0.011271798506268714 -0.023795603477546699 -0.059485791765795375 -0.0057198707011586305 0.010768770240565807 0.05168454837963922 -0.041727226236761006 0.0071606110201213663 0.060751640152622521 0.034994401913233747 0.0048076513329825188
leaf_weight=1309.0075213611126 37.404800422489643 123.41687393188477 5.5165240839123717 1493.2733871787786 980.83386443555355 1460.2191958576441 797.00646056234837 8.0485910922288877 38.03880900144577 14.598898395895963 43.78265243768692 9.9872998893260938 4.7600768059492102 36.800040453672409 6.0290514379739752 7.985933110117915 11.54790276288986 38.440929368138313 5.613652676343917 72.384260654449463 5.1869862079620352 10.736045166850088 41.462579429149628 7.6112280339002591 9.0078904181718809 5.662489652633667 25.609867721796039 5.1385915577411643 5.7622985914349547 72.22799313813448
leaf_count=7990 205 523 44 10953 7332 6154 3416 34 163 63 191 43 20 157 26 34 51 165 24 306 22 45 176 32 39 24 109 22 35 406
internal_value=-0.000219185 0.00550818 0.0128365 0.0134128 0.016402 -0.00133172 0.000655785 -0.00506314 -0.0201344 0.00214784 0.010585 0.00358812 -0.0102447 0.0109446 -0.00298839 -0.00161957 -0.0209674 0.000637155 -0.00355692 -0.00272617 0.00341074 -0.00174267 -0.0140807 0.0100178 0.0186391 -0.0116257 0.0241755 0.0161166 0.000370195 -0.00141589
internal_weight=6693.1 5384.1 2595.02 2479.62 986.35 2789.08 1146.06 233.093 46.0874 912.964 115.958 72.1754 25.388 46.7873 20.6279 187.005 19.5338 167.471 129.031 1643.02 182.8 110.416 52.1986 58.2171 44.9433 13.2737 39.7563 30.7485 115.395 109.633
internal_count=38804 30814 18975 18329 7376 11839 4910 994 197 3916 500 309 109 200 89 797 85 712 547 6929 775 469 221 248 192 56 170 131 646 611
cat_boundaries=0 1 2 3 4 5 6 7 8
cat_threshold=2 8 8 49 16 41 4 4
is_linear=0
shrinkage=0.05


Tree=38
num_leaves=31
num_cat=9
split_feature=5 5 6 5 5 0 4 7 1 2 0 7 7 7 7 0 0 0 0 7 0 7 5 2 7 4 7 4 0 7
split_gain=427.64 166.768 103.736 6.40146 4.19035 3.39203 4.42009 4.02607 3.26437 6.63717 4.34633 5.06295 9.19552 4.11399 4.38625 3.8435 6.44466 3.46981 9.45468 6.13914 5.20955 4.15391 5.01561 4.04074 3.68946 3.66278 3.34703 4.10749 3.31024 3.0948
threshold=0 1 2 3 4 77201.500000000015 8.5000000000000018 6.5000000000000009 5 6 257144.00000000003 18.500000000000004 21.500000000000004 11.500000000000002 3.5000000000000004 400759.50000000006 583193.00000000012 115039.50000000001 78992.000000000015 21.500000000000004 77201.500000000015 7.5000000000000009 7 8 20.500000000000004 9.5000000000000018 13.500000000000002 4.5000000000000009 55268.500000000007 16.500000000000004
decision_type=9 9 9 9 9 2 2 2 1 1 2 2 2 2 2 2 2 2 2 2 2 2 9 1 2 2 2 2 2 2
left_child=2 4 3 -1 8 6 -5 -7 9 -2 28 13 -13 14 -12 -16 -17 18 19 20 23 -20 24 -10 -23 -19 -15 -28 -11 -6
right_child=1 -3 -4 5 29 7 -8 -9 17 10 11 12 -14 26 15 16 -18 25 21 -21 -22 22 -24 -25 -26 -27 27 -29 -30 -31
leaf_value=0.03861120275627522 -0.0062364800551305954 -0.022872363262203422 -0.0024570502853413154 0.020095971235338378 -0.0046651202716930769 0.022174720877685138 0.040572705394903569 0.030359592690899013 0.0061034858644319692 0.0015673014986764613 0.027984542275875452 -0.054790989428041705 0.02635945615188522 0.060075692144292814 0.01128072025063416 -0.077196519052910195 -0.0042742365156484621 0.0009225055319730509 -0.026377347400609971 -0.018969765651522984 0.034797158680550021 -0.001402821479471571 -0.016329264898806508 -0.0038037679158773523 0.034887813006494899 0.027037832919515371 -0.0098572368510746865 0.041018496047070675 0.026281522386672019 -0.00057491975996889631
leaf_weight=231.6474946141243 74.14048133790493 1293.0861326307058 350.303097859025 301.78124280273914 1567.0672414749861 211.52574767172337 28.875927463173866 518.59726049005985 180.68082404136658 17.63820992410183 9.2188607305288333 8.8820305913686735 5.7512911260128012 5.6884718090295818 9.5287273526191729 4.7217116653919211 8.4557484239339811 664.85674118995667 49.314401462674141 39.166059032082558 11.590679779648779 34.101063549518585 63.139454260468483 214.18056380748749 8.8135445117950422 13.703131943941115 7.999518617987631 7.8707489818334579 58.44094230234623 656.09441888332367
leaf_count=2414 319 7999 1532 3073 6795 2154 296 5290 762 75 41 38 25 25 41 20 37 2846 206 165 49 145 261 902 38 60 35 34 250 2877
internal_value=-0.000210633 -0.00746761 0.0218524 0.0284096 -0.00206741 0.025842 0.0218842 0.0279883 -1.71365e-05 0.00549335 0.0115377 0.00316385 -0.0228967 0.0102941 -0.00110149 -0.0129106 -0.0304036 -0.000992731 -0.00376716 -6.40938e-05 0.00175767 -0.014388 -0.00881311 0.000787838 0.00490692 0.00144989 0.0271691 0.0153742 0.0205518 -0.00344254
internal_weight=6656.86 5014.13 1642.73 1292.43 3721.04 1060.78 330.657 730.123 1497.88 218.337 144.196 68.1171 14.6333 53.4838 31.925 22.7062 13.1775 1279.55 600.987 445.618 406.452 155.368 106.054 394.861 42.9146 678.56 21.5587 15.8703 76.0792 2223.16
internal_count=38804 24045 14759 13227 16046 10813 3369 7444 6374 940 621 296 63 233 139 98 57 5434 2528 1878 1713 650 444 1664 183 2906 94 69 325 9672
cat_boundaries=0 1 2 3 4 5 6 7 8 9
cat_threshold=22028416 201643272 8 1048704 134254600 2 17 134221824 13
is_linear=0
shrinkage=0.05


Tree=39
num_leaves=31
num_cat=10
split_feature=5 5 6 5 5 0 8 9 7 9 8 5 0 7 7 8 0 0 2 0 7 7 0 7 2 0 0 0 7 7
split_gain=392.032 153.765 97.3049 6.4902 3.76217 3.25406 4.68287 7.59491 3.87706 3.09026 5.13806 7.81862 7.5942 5.18176 4.56697 4.26224 8.29708 6.83619 3.90391 4.54768 3.87175 3.70882 5.97087 6.2397 4.31831 3.71248 5.01452 4.61411 4.32732 10.8513
threshold=0 1 2 3 4 77201.500000000015 1.5000000000000002 5 6.5000000000000009 6 2.5000000000000004 7 109628.00000000001 22.500000000000004 20.500000000000004 4.5000000000000009 158239.50000000003 134593.00000000003 8 83303.000000000015 16.500000000000004 5.5000000000000009 113728.50000000001 1.5000000000000002 9 270772.50000000006 449409.50000000006 250886.50000000003 10.500000000000002 14.500000000000002
decision_type=9 9 9 9 9 2 2 1 2 1 2 9 2 2 2 2 2 2 1 2 2 2 2 2 1 2 2 2 2 2
left_child=2 4 3 -1 -2 6 -5 -8 -7 10 -6 12 18 -13 15 17 -17 -14 19 -12 -20 22 23 -11 -23 27 -27 -26 -28 -30
right_child=1 -3 -4 5 9 8 7 -9 -10 21 11 13 14 -15 -16 16 -18 -19 20 -21 -22 24 -24 -25 25 26 28 -29 29 -31
leaf_value=0.03787691081152382 -2.2004435318702175e-05 -0.022042122786342367 -0.0023359981078008973 0.011805981468536317 -0.010693986222581872 0.021443765166336948 -0.073930283111113479 0.025842934497950783 0.029553183168373451 0.026439562339640441 -0.007421146847373862 -0.012625439545737756 -0.0044266747116194823 0.028669230941652551 0.027419136760688717 -0.03539698038281993 0.038893054514045212 -0.068223303951644276 0.00663013504071518 0.035401928363504899 0.024281925786920202 0.0054940734832243932 -0.0099651731083562865 -0.0041520649474527053 -0.0036230380809230828 0.0074792004829511444 0.0078923767404397629 -0.023480321229418948 -0.033250191990033227 -0.00033567763611548488
leaf_weight=224.70283056050539 1497.5648200362921 1275.5340535491705 350.54495647549629 94.806178607046604 320.01678863167763 207.89332944154739 1.9234367534518242 228.32391045987606 506.42415757477283 24.88552887737751 63.032773926854134 164.95516140758991 7.3026552349329021 7.9635221213102332 4.9861796349287024 9.1784491837024671 6.3646052926778784 9.8805941492319089 97.040875136852264 6.8760624825954428 45.691819980740547 224.09527227282524 270.41446878015995 50.481839045882225 514.06942766904831 187.21400019526482 52.320777609944344 31.019396498799324 34.251592546701431 93.115756079554558
leaf_count=2414 6374 7999 1532 979 1373 2154 20 2370 5290 107 276 709 32 35 22 40 28 43 423 30 203 990 1176 217 2218 819 231 134 151 415
internal_value=-0.000199994 -0.00712268 0.0211432 0.0276216 -0.00196541 0.0250646 0.0211585 0.0250095 0.027193 -0.0032674 -0.00591303 -0.00229838 0.00338571 -0.0101374 -0.0171574 -0.023949 -0.00497653 -0.0411106 0.00718829 -0.00280757 0.0114768 -0.00196242 -0.00649649 0.00594898 -0.000582425 -0.00211262 0.00175256 -0.00475306 -0.00421393 -0.00918704
internal_weight=6612.88 4998.26 1614.62 1264.07 3722.72 1039.37 325.054 230.247 714.317 2225.16 743.289 423.273 250.354 172.919 37.7125 32.7263 15.5431 17.1832 212.642 69.9088 142.733 1481.87 345.782 75.3674 1136.09 911.991 366.902 545.089 179.688 127.367
internal_count=38804 24045 14759 13227 16046 10813 3369 2390 7444 9672 3214 1841 1097 744 165 143 68 75 932 306 626 6458 1500 324 4958 3968 1616 2352 797 566
cat_boundaries=0 1 2 3 4 5 6 7 8 9 10
cat_threshold=22028416 201643272 8 1048704 134254600 4 1 17664 12 33
is_linear=0
shrinkage=0.05


Tree=40
num_leaves=31
num_cat=3
split_feature=1 0 4 8 0 7 7 7 4 9 0 4 0 4 3 0 9 0 0 7 0 4 7 0 0 7 7 8 7 7
split_gain=5.22503 7.17613 5.78046 7.15251 3.78484 3.1605 2.97173 4.14503 4.18084 5.23888 3.93676 3.78591 2.7895 2.61714 2.5478 3.23975 2.88234 3.09283 5.7653 3.76118 4.67843 3.42272 5.17111 2.54273 3.36002 3.86778 3.6276 3.57556 3.66585 5.94171
threshold=0 149329.50000000003 1.5000000000000002 4.5000000000000009 127996.00000000001 1.0000000180025095e-35 10.500000000000002 11.500000000000002 3.5000000000000004 1 100652.50000000001 6.5000000000000009 154588.50000000003 2.5000000000000004 1.0000000180025095e-35 57733.000000000007 2 81070.000000000015 44178.500000000007 22.500000000000004 35426.000000000007 6.5000000000000009 18.500000000000004 31880.500000000004 27543.500000000004 20.500000000000004 3.5000000000000004 4.5000000000000009 8.5000000000000018 10.500000000000002
decision_type=1 2 2 2 2 2 2 2 2 1 2 2 2 2 2 2 1 2 2 2 2 2 2 2 2 2 2 2 2 2
left_child=1 4 -3 5 6 -4 11 -8 9 -9 14 -1 -7 -6 15 -10 -16 18 19 20 -18 22 -20 24 26 -26 -2 -28 -29 -30
right_child=23 2 3 -5 13 12 7 8 10 -11 -12 -13 -14 -15 16 -17 17 -19 21 -21 -22 -23 -24 -25 25 -27 27 28 29 -31
leaf_value=-0.0069865071158395804 0.010623729228033915 0.047902265115700116 0.050772597507527308 -0.017566093848868019 -0.065418618178041163 0.049783639480545185 -0.04015601885540037 -0.043253025851253901 -0.059565981206875063 0.0067259364967236467 0.007741327954342337 0.012992298490303278 0.0056843567640715784 -0.020987463449334727 -0.04717897979190451 -0.012483725508923193 -0.0043321827791286648 -0.047704685741040323 -0.0012244436848457177 -0.068940195898474929 -0.050424216540697932 -0.0084091547143187381 0.069910073166195519 0.00090882331747083327 -0.0063989982802603032 -0.032132288121844849 -0.0056970711291184951 -0.012391532686901879 0.048810244372140266 0.0058186905966264094
leaf_weight=92.283245660364628 62.316880524158478 7.4170862734317771 4.5375623926520339 32.31473720818758 4.0540158227086094 3.7698776349425307 12.202126748859881 5.8848094120621681 8.4174992293119413 48.097708947956562 14.641122251749037 31.911920174956322 73.498069018125534 18.163863822817802 6.75619275867939 6.4560899138450614 21.896448165178303 5.7102395594120017 5.4396391734480876 3.7769299000501624 7.3545348942279807 10.516262352466581 4.8174393028020859 5597.6017229482532 112.95326782017946 16.769853167235851 236.69451707601547 19.863062806427479 9.4443000182509405 53.9285002425313
leaf_count=472 383 37 26 167 19 20 61 28 41 241 75 162 375 97 34 33 119 31 32 18 35 54 25 33333 670 100 1398 117 56 325
internal_value=0.000221658 -0.00504247 0.00513013 0.00235022 -0.00921516 0.0102175 -0.0076717 -0.0121335 -0.00985033 0.00127757 -0.016122 -0.00185296 0.00783595 -0.0290947 -0.0204279 -0.0391293 -0.0162304 -0.0127169 -0.0090034 -0.0219841 -0.015921 0.0116348 0.0321853 0.000599356 -0.00277249 -0.00972565 -0.000412795 -0.00256252 0.00635109 0.0122256
internal_weight=6539.49 429.917 121.537 114.12 308.38 81.8055 286.162 161.967 149.765 53.9825 95.7824 124.195 77.2679 22.2179 81.1413 14.8736 66.2677 59.5115 53.8013 33.0279 29.251 20.7733 10.2571 6109.57 511.97 129.723 382.247 319.93 83.2359 63.3728
internal_count=38584 2202 625 588 1577 421 1461 827 766 269 497 634 395 116 422 74 348 314 283 172 154 111 57 36382 3049 770 2279 1896 498 381
cat_boundaries=0 1 2 3
cat_threshold=8 4 4
is_linear=0
shrinkage=0.05


Tree=41
num_leaves=31
num_cat=15
split_feature=5 5 6 2 5 8 7 7 5 5 5 7 8 9 1 7 5 7 3 9 8 7 9 1 7 7 7 7 7 9
split_gain=375.056 135.021 83.0973 7.11929 5.62495 4.84925 3.82333 3.79299 3.65993 3.65555 3.53233 3.50432 3.37059 3.46115 5.95875 4.38779 3.407 4.36913 3.41845 5.24214 4.78834 3.8155 3.29914 4.29491 3.96348 8.26908 4.34004 6.10683 8.11338 3.8962
threshold=0 1 2 3 4 2.5000000000000004 9.5000000000000018 19.500000000000004 5 6 7 15.500000000000002 3.5000000000000004 8 9 2.5000000000000004 10 18.500000000000004 1.0000000180025095e-35 11 2.5000000000000004 7.5000000000000009 12 13 6.5000000000000009 1.5000000000000002 15.500000000000002 17.500000000000004 18.500000000000004 14
decision_type=9 9 9 1 9 2 2 2 9 9 9 2 2 1 1 2 9 2 2 1 2 2 1 1 2 2 2 2 2 1
left_child=2 3 6 5 7 -2 -1 12 -3 -4 11 -7 13 14 15 -5 18 -18 -15 -20 21 -21 24 -24 25 -12 -26 -28 -29 -25
right_child=1 8 9 4 -6 10 -8 -9 -10 -11 22 -13 -14 16 -16 -17 17 -19 19 20 -22 -23 23 29 26 -27 27 28 -30 -31
leaf_value=0.0058425446578567125 -0.0023080944555635254 -0.011821358455551335 0.036711024018652241 -0.034424524799185154 -0.0064428017971591188 0.0034007827870733164 -0.0048106614717179893 -0.0074512542552313196 -0.02204264997318757 0.025270957454302141 -0.037640736079444986 0.012624281666724968 -0.0033779742011821609 -0.001111329955016011 0.014491607381761501 0.00095366112458060599 0.0010853227198381625 0.028083457274280167 -0.038716234193350019 0.047775991750396513 -0.042040328673752229 -0.0072068760372188852 0.0082920213517733536 -0.013369881061358797 -0.022835369097175231 0.022268677719733575 0.030263847986163602 -0.062592152400217982 -0.00063223924009340874 0.0046231450560175668
leaf_weight=143.6151282787323 661.31477987766266 190.16344855725765 218.05042182654142 10.207529559731482 938.71220308542252 321.38180288672447 203.64748980104923 208.50930693745613 1069.8446685671806 1004.2915197461843 7.5072474330663672 151.5363684296608 438.69468313455582 56.738868296146393 113.43074119091034 61.985015228390694 295.927640452981 15.78469245135784 19.326365321874619 5.2305481433868426 5.2024321109056464 7.9525705873966217 149.35167211294174 60.169452741742134 46.675875246524811 24.744729548692703 11.546699464321135 6.3977031111717215 30.336949557065964 60.176925450563431
leaf_count=641 2849 1210 2414 43 4140 1380 876 882 6798 10663 32 656 1851 236 478 262 1253 67 79 21 21 32 656 262 201 108 51 28 133 261
internal_value=0.000210647 -0.00652483 0.0214379 -0.00169874 -0.00353085 0.000913039 -0.000393552 -0.00129071 -0.0206053 0.0275931 0.00337251 0.00622463 -5.67023e-05 0.00240538 0.00806167 -0.003556 -0.000179643 0.00237624 -0.00801746 -0.020534 -0.00142125 0.0146082 -0.000178148 0.0029481 -0.00682015 0.00832365 -0.0119637 -0.00145354 -0.0114232 -0.00403733
internal_weight=6538.46 4968.85 1569.6 3708.84 2177.7 1531.14 347.263 1238.99 1260.01 1222.34 869.825 472.918 1030.48 591.786 185.623 72.1925 406.163 311.712 94.4508 37.7119 18.3856 13.1831 396.907 269.698 127.209 32.252 94.9572 48.2814 36.7347 120.346
internal_count=38584 23990 14594 15982 9365 6617 1517 5225 8008 13077 3768 2036 4343 2492 783 305 1709 1320 389 153 74 53 1732 1179 553 140 413 212 161 523
cat_boundaries=0 1 2 3 4 5 6 7 8 9 10 11 12 13 14 15
cat_threshold=22028416 201643272 16 37 134500360 2049 1048704 53512 2 3 262144 4 1 4 4
is_linear=0
shrinkage=0.05


Tree=42
num_leaves=31
num_cat=8
split_feature=5 5 6 2 4 5 0 0 0 0 0 0 4 0 0 0 0 0 0 0 1 0 0 5 0 0 4 0 0 5
split_gain=344.022 124.384 78.1087 6.4211 7.63805 5.43982 4.43376 4.2672 4.65477 3.99946 3.94364 7.875 4.24121 3.89253 4.44362 4.23207 3.81476 6.55254 3.78648 5.41481 4.07087 7.32848 3.95304 3.77875 4.39349 3.71999 3.50782 5.7074 3.61106 3.4194
threshold=0 1 2 3 8.5000000000000018 4 869947.00000000012 759089.00000000012 558903.50000000012 1021556.0000000001 69048.500000000015 22338.500000000004 2.5000000000000004 22338.500000000004 21469.500000000004 25376.500000000004 167721.50000000003 154588.50000000003 36157.500000000007 78992.000000000015 5 95871.500000000015 311230.50000000006 6 30489.500000000004 57733.000000000007 8.5000000000000018 61030.500000000007 16555.500000000004 7
decision_type=9 9 9 1 2 9 2 2 2 2 2 2 2 2 2 2 2 2 2 2 1 2 2 9 2 2 2 2 2 9
left_child=2 3 7 13 5 10 18 8 26 -9 11 -5 -12 14 -2 -15 17 -7 -6 -20 22 -22 -21 -4 -25 -13 28 -28 -1 -3
right_child=1 29 23 4 6 16 -8 9 -10 -11 12 25 -14 15 -16 -17 -18 -19 19 20 21 -23 -24 24 -26 -27 27 -29 -30 -31
leaf_value=-0.045402839582706994 0.0087160179276170001 -0.011339397794478396 0.035979787340070027 -0.015438287590404838 -0.01555075526665569 -0.0088011259324101785 0.050861017557347357 0.050736660461973226 -0.031997275371299427 0.0028762740551120779 0.0024215238913858957 0.0029301683463717897 -0.0058141780028071301 -0.019944640428862754 0.05468360906828032 0.00069355650206700571 -0.0035231491241032205 -0.03443053630629439 0.024791390642745093 -0.0027343182813244936 -0.044730245179852697 0.015214260030305347 -0.042936815179826504 0.013460577301081512 0.025749275058783983 0.016824818692182681 0.050741890189341103 -0.0005701246287542393 -0.0012843079834790156 -0.021239760135326483
leaf_weight=4.7136266082525244 61.243661239743233 188.79441234469414 211.72308167815208 50.616470813751221 18.333581924438477 455.00449351966381 5.6469403505325309 7.6573818475008038 12.186884149909018 10.152335122227667 208.96639713644981 218.83822172880173 620.55035811662674 25.276376619935036 5.751125529408454 1438.4387740343809 383.8184859007597 26.384754955768585 37.34990668296814 19.098346680402759 5.5826220810413352 58.813250988721848 8.9941405653953534 79.088188961148262 905.31363097578287 61.767507314682007 8.5248161852359789 14.876009121537207 289.13499614596367 1055.5215834379196
leaf_count=20 262 1210 2414 210 78 1988 25 34 53 45 893 916 2614 107 25 6223 1705 116 161 81 24 254 39 849 9814 261 39 66 1260 6798
internal_value=0.000206601 -0.00621925 0.0207419 -0.00161045 -0.00334896 -0.00417987 0.0073772 -0.000373699 -0.0016732 0.0234541 -0.00188167 0.00271428 -0.00373949 0.000870899 0.0126621 0.000337163 -0.00715858 -0.0102059 0.00572 0.00872349 0.00223474 0.00867102 -0.0115088 0.0268242 0.024513 0.00598869 -0.000508327 0.0181226 -0.00199201 -0.01984
internal_weight=6498.16 4954.79 1543.37 3710.48 2179.77 2025.95 153.819 347.246 329.436 17.8097 1160.74 331.222 829.517 1530.71 66.9948 1463.72 865.208 481.389 148.172 129.838 92.4884 64.3959 28.0925 1196.12 984.402 280.606 317.249 23.4008 293.849 1244.32
internal_count=38584 23990 14594 15982 9365 8703 662 1517 1438 79 4894 1387 3507 6617 287 6330 3809 2104 637 559 398 278 120 13077 10663 1177 1385 105 1280 8008
cat_boundaries=0 1 2 3 4 5 6 7 8
cat_threshold=22028416 201643272 16 37 134500360 9 1048704 2049
is_linear=0
shrinkage=0.05


Tree=43
num_leaves=31
num_cat=10
split_feature=5 5 6 2 4 5 0 5 0 0 0 0 0 0 4 0 0 0 0 0 0 0 1 0 0 1 6 5 0 0
split_gain=315.349 114.491 73.3118 5.78765 6.89743 4.88921 4.08429 3.89801 4.17886 3.87966 4.16125 3.7016 3.55748 7.09918 3.82184 3.5262 4.09446 3.80363 3.42263 5.81919 3.41785 4.93065 3.67297 6.58246 3.51007 3.4177 10.5397 5.09852 5.07721 8.01217
threshold=0 1 2 3 8.5000000000000018 4 869947.00000000012 5 30489.500000000004 759089.00000000012 558903.50000000012 1021556.0000000001 69048.500000000015 22338.500000000004 2.5000000000000004 22338.500000000004 21469.500000000004 25376.500000000004 167721.50000000003 154588.50000000003 36157.500000000007 78992.000000000015 6 95871.500000000015 295522.00000000006 7 8 9 46369.500000000007 42787.500000000007
decision_type=9 9 9 1 2 9 2 9 2 2 2 2 2 2 2 2 2 2 2 2 2 2 1 2 2 1 9 9 2 2
left_child=2 3 9 15 5 12 20 -4 -9 10 -1 -11 13 -5 -14 16 -2 -17 19 -7 -6 -22 24 -24 -23 26 -19 28 29 -27
right_child=1 -3 7 4 6 18 -8 8 -10 11 -12 -13 14 -15 -16 17 -18 25 -20 -21 21 22 23 -25 -26 27 -28 -29 -30 -31
leaf_value=-0.00048212371987418158 0.008297787589676078 -0.019096709076773088 0.035251775689108193 -0.014626411846298508 -0.014722635423504446 -0.0083404362356274443 0.049100139752502603 0.012928366317208201 0.024982037960621057 0.048998821344110793 -0.030133540061149069 0.0027349284756780583 0.0023018396430686977 0.0056968185797448227 -0.0055166318850357705 -0.018866778282128967 0.052715234452510119 0.0089771384918264363 -0.0033432521798099166 -0.032379088460423595 0.023701519793182326 -0.0016379225539688649 -0.042035793050039488 0.014512617458783654 -0.038468907321385103 0.0092714263393538585 -0.021501327212554471 -0.0018050014330442217 0.002906436993825437 0.053045569725066244
leaf_weight=317.24610827863216 61.117283418774605 1229.2358840703964 205.65272423624992 50.751183539628983 18.394941166043282 456.10114023089409 5.5592331290245047 78.248629629611969 886.93605273216963 7.5356400609016445 12.290821164846419 10.143406689167021 208.84327571094036 280.25156973302364 621.2996673732996 25.381599515676498 5.6696623861789694 45.967230558395386 384.23677265644073 26.646585181355476 37.119977757334709 18.151661559939388 5.6418440937995902 58.579954519867897 10.050748050212858 60.243347615003586 53.3090480864048 654.67037639021873 611.34413892030716 12.647993907332419
leaf_count=1385 262 8008 2414 210 78 1988 25 849 9814 34 53 45 893 1177 2614 107 25 194 1705 116 161 77 24 254 43 264 217 2791 2701 56
internal_value=0.000199564 -0.00592902 0.0200549 -0.0015289 -0.0031782 -0.00396621 0.00702648 0.0260588 0.0237587 -0.000353676 -0.00158804 0.0224548 -0.00178673 0.00258075 -0.0035497 0.000827674 0.0120685 0.000320377 -0.00678629 -0.00966732 0.00544545 0.00830926 0.00212733 0.00825888 -0.0108991 0.000658999 -0.00785901 0.00133928 0.00433037 0.016867
internal_weight=6459.27 4941.22 1518.05 3711.98 2181.63 2028.13 153.498 1170.84 965.185 347.216 329.537 17.679 1161.15 331.003 830.143 1530.35 66.7869 1463.56 866.984 482.748 147.939 129.544 92.4242 64.2218 28.2024 1438.18 99.2763 1338.91 684.235 72.8913
internal_count=38584 23990 14594 15982 9365 8703 662 13077 10663 1517 1438 79 4894 1387 3507 6617 287 6330 3809 2104 637 559 398 278 120 6223 411 5812 3021 320
cat_boundaries=0 1 2 3 4 5 6 7 8 9 10
cat_threshold=22028416 201643272 16 37 134500360 1048704 9 8 1 201363712
is_linear=0
shrinkage=0.05


Tree=44
num_leaves=31
num_cat=6
split_feature=5 5 6 5 0 5 0 0 0 0 5 4 0 4 0 0 0 0 4 0 8 0 0 0 0 0 8 4 0 0
split_gain=288.972 105.241 68.7567 3.99851 3.96951 3.61632 3.91134 3.88385 3.52809 3.72375 3.44196 3.65551 3.42858 3.18594 5.28298 3.22302 2.92388 2.87458 4.05939 5.38667 2.73855 3.89856 2.82517 6.13054 2.69596 10.3815 4.662 4.07057 4.45597 7.16339
threshold=0 1 2 3 30489.500000000004 4 11564.000000000002 1720446.5000000002 759089.00000000012 558903.50000000012 5 2.5000000000000004 1021556.0000000001 8.5000000000000018 61030.500000000007 16555.500000000004 133035.00000000003 67371.000000000015 9.5000000000000018 43425.500000000007 1.0000000180025095e-35 19691.000000000004 199524.50000000003 120774.00000000001 78018.500000000015 94623.000000000015 1.5000000000000002 9.5000000000000018 136021.00000000003 332476.50000000006
decision_type=9 9 9 9 2 9 2 2 2 2 9 2 2 2 2 2 2 2 2 2 2 2 2 2 2 2 2 2 2 2
left_child=2 5 8 -4 -5 7 -7 24 9 13 11 -3 -10 15 -15 -1 -16 18 -12 -20 22 -22 23 -13 -2 26 -26 -27 -29 -30
right_child=1 10 3 4 -6 6 -8 -9 12 -11 17 20 -14 14 16 -17 -18 -19 19 -21 21 -23 -24 -25 25 27 -28 28 29 -31
leaf_value=-0.042674352345196211 0.0025467886695526697 -0.031044538852763412 0.034526838557621391 0.012412223217401427 0.02422532139248541 -0.039020049695671001 -0.0029534762338911322 0.027077586807914542 0.047346086521919462 -0.028405332596115197 -0.025381234296844597 0.0037951746374205349 0.0026004221607536532 0.049133013765873645 -0.028323483019136765 -0.0011953833853336447 0.017148423689830685 -0.018284514662271836 0.029319722328632853 -0.040327860142869265 0.042301487126147119 -0.012145948628941078 -0.010169830319523019 0.085540635616090738 -0.03221188004354518 -0.00050802157428783961 -0.0095895523297535173 -0.024485941334534397 0.054731121751276847 -0.0040661708296656001
leaf_weight=4.7603168189525595 626.72130627930164 19.608508825302124 199.83122678101063 77.44821935147047 869.36301510035992 7.5495318770408621 1754.5812762081623 13.185923203825949 7.411931827664378 12.384180054068564 278.78630809485912 9.1738650798797625 10.134889364242552 8.3718330115079898 5.7811635732650748 289.27568928897381 9.0996298938989622 738.56775437295437 7.7150853127241117 4.3366886973381042 3.3676673471927634 138.41654917597771 11.653019547462462 3.0581350624561301 31.679827585816383 1172.4065214693546 81.010813072323799 4.6964455097913769 12.005564644932749 9.1116776168346387
leaf_count=20 2639 128 2414 849 9814 33 7668 63 34 53 1843 60 45 39 26 1260 40 4876 51 28 22 904 76 20 132 4997 338 20 52 40
internal_value=0.000192623 -0.0056525 0.0193814 0.0253032 0.0230159 -0.00145353 -0.00309046 3.32867e-05 -0.000335367 -0.0015078 -0.0183709 -0.010086 0.0215014 -0.000457955 0.0173587 -0.00186691 -0.000517337 -0.0197507 -0.024153 0.00425786 -0.0082142 -0.0108527 0.00744827 0.0242324 -0.000150583 -0.00144014 -0.0159492 -7.55924e-05 0.0195645 0.0293612
internal_weight=6421.49 4927.63 1493.86 1146.64 946.811 3712.95 1762.13 1950.82 347.22 329.673 1214.68 185.278 17.5468 317.289 23.2526 294.036 14.8808 1029.41 290.838 12.0518 165.669 141.784 23.885 12.232 1937.63 1310.91 112.691 1198.22 25.8137 21.1172
internal_count=38584 23990 14594 13077 10663 15982 7701 8281 1517 1438 8008 1210 79 1385 105 1280 66 6798 1922 79 1082 926 156 80 8218 5579 470 5109 112 92
cat_boundaries=0 1 2 3 4 5 6
cat_threshold=22028416 201643272 16 1048704 134270984 2049
is_linear=0
shrinkage=0.05


Tree=45
num_leaves=31
num_cat=8
split_feature=5 5 6 5 5 4 0 4 5 7 7 8 0 2 5 0 0 4 3 7 4 7 8 7 4 0 0 0 4 0
split_gain=275.106 99.1512 78.2804 10.0556 4.55663 4.95322 4.48362 3.94761 4.97747 4.41382 8.16769 4.3254 4.1041 4.04305 6.95856 4.64307 4.61143 5.9582 3.90989 6.01569 8.75624 3.74182 7.11994 3.73219 3.71136 4.21859 5.03584 3.81168 3.65201 5.96498
threshold=0 1 2 3 4 4.5000000000000009 63756.000000000007 1.5000000000000002 5 8.5000000000000018 7.5000000000000009 1.0000000180025095e-35 281076.00000000006 6 7 51361.000000000007 76077.500000000015 2.5000000000000004 1.0000000180025095e-35 1.5000000000000002 6.5000000000000009 5.5000000000000009 1.0000000180025095e-35 17.500000000000004 2.5000000000000004 37515.000000000007 56986.000000000007 474332.00000000006 8.5000000000000018 209387.00000000003
decision_type=9 9 9 9 9 2 2 2 9 2 2 2 2 1 9 2 2 2 2 2 2 2 2 2 2 2 2 2 2 2
left_child=2 7 3 -1 5 -3 18 8 9 10 11 -2 -11 14 -9 -16 17 -17 -6 20 -20 22 -10 -19 25 -4 -27 -28 -26 -30
right_child=1 4 24 -5 6 -7 -8 13 21 12 -12 -13 -14 -15 15 16 -18 23 19 -21 -22 -23 -24 -25 28 26 27 -29 29 -31
leaf_value=0.03692900665336038 0.042464884455245572 -0.01923960240654482 -0.032379798250294189 0.021966216388230861 -0.035298812629987138 -0.0073924761699881453 -0.018900872390977947 -0.0067967750638192204 -0.040137999845303016 0.011885198494155286 -0.062445789405587517 -0.00096474276994172571 0.038483555170801313 -0.0036258957357217531 -0.0053553352399152744 -0.021844617573682466 0.0028767897796730195 0.027584849357096625 -0.026867308981170346 -0.024830571772728523 0.064456257835320996 -0.0081189061163907377 0.019467900852086786 0.0015115554141728466 -0.0066257934159363423 0.058239470884773673 0.0028396188080004993 0.052213831870861233 0.030505019115443545 -0.027303131303793332
leaf_weight=193.59087362140417 6.7201465219259253 162.75045716762543 5.3565804809331885 932.23090898990631 88.786599650979042 192.67731481790543 613.07197052240372 255.45544789731503 5.9347655475139609 71.051586464047432 4.910055384039878 39.035633891820908 18.22206312417984 2416.8417792320251 145.4814423173666 9.3030622303485853 516.91166058182716 52.121832847595215 5.8272532820701581 136.32506628334522 4.776056781411171 104.82279641926289 32.152264311909676 18.631001353263855 265.37926065921783 5.7577398717403403 35.753337845206261 4.3887380361556998 16.078404694795612 6.1767148971557608
leaf_count=2406 29 1081 23 10695 596 1277 4092 1101 26 307 21 168 81 10367 622 40 2243 226 39 915 32 458 140 81 1151 26 161 20 74 27
internal_value=-0.000447479 -0.00613228 0.0184929 0.0248416 -0.0185396 -0.0124665 -0.0209079 -0.00205243 0.0036185 0.00991607 -0.00116255 0.00541376 0.0173143 -0.00252817 0.000165111 0.00261899 0.00460621 0.0157729 -0.0270149 -0.022009 0.0142676 -0.00303001 0.01018 0.0207191 -0.0027056 0.00960975 0.01451 0.00823771 -0.00499426 0.0144609
internal_weight=6366.52 4901.81 1464.71 1125.82 1204.21 355.428 848.787 3697.6 282.849 139.939 50.6658 45.7558 89.2736 3414.75 997.904 742.449 596.968 80.0559 235.715 146.928 10.6033 142.91 38.087 70.7528 338.891 51.2564 45.8998 40.1421 287.634 22.2551
internal_count=38525 23942 14583 13101 8032 2358 5674 15910 1230 606 218 197 388 14680 4313 3212 2590 347 1582 986 71 624 166 307 1482 230 207 181 1252 101
cat_boundaries=0 1 2 3 4 5 6 7 8
cat_threshold=22028416 201643272 8 1048704 67649 311552 41 262400
is_linear=0
shrinkage=0.05


Tree=46
num_leaves=31
num_cat=7
split_feature=5 5 5 5 5 9 0 8 7 8 7 0 0 0 0 3 8 0 0 7 8 7 0 7 5 0 8 0 0 8
split_gain=251.919 91.1588 28.7261 7.85545 4.28096 4.33884 4.62506 4.81552 3.9368 3.62659 3.38968 3.29024 9.8086 3.25548 4.59224 3.99642 3.79247 3.22674 5.7659 3.22279 3.19883 3.43695 3.01945 2.95132 4.08908 9.31814 6.63818 5.34318 6.66258 4.5541
threshold=0 1 2 3 4 5 377032.50000000006 3.5000000000000004 1.0000000180025095e-35 1.5000000000000002 13.500000000000002 50604.000000000007 48483.000000000007 968814.50000000012 1474930.5000000002 1.0000000180025095e-35 2.5000000000000004 18684.500000000004 15073.000000000002 8.5000000000000018 1.5000000000000002 9.5000000000000018 15073.000000000002 1.5000000000000002 6 513744.50000000006 5.5000000000000009 406824.00000000006 869947.00000000012 5.5000000000000009
decision_type=9 9 9 9 9 1 2 2 2 2 2 2 2 2 2 2 2 2 2 2 2 2 2 2 9 2 2 2 2 2
left_child=2 23 -1 17 11 6 9 10 -5 -6 -8 12 -3 -13 15 -15 -17 18 -4 -16 21 -7 -10 24 27 26 -26 29 -29 -2
right_child=1 4 3 8 5 20 7 -9 22 -11 -12 13 -14 14 19 16 -18 -19 -20 -21 -22 -23 -24 -25 25 -27 -28 28 -30 -31
leaf_value=0.036235038362308812 0.0068188418721492304 -0.0067118942423705199 0.025899716605143792 -0.0061704401178631152 -0.025975038183520385 -0.025404724339966423 0.0065605581602559762 -0.019727754339115146 -0.018094573875354052 -0.013025226578161958 0.074260523499900283 -0.015993286570093107 0.078653004994990172 0.070258622640001572 0.022162418871251293 -0.026687801771116626 0.038823262521068824 0.020731083614637585 -0.042510344713537929 -0.039779865226009958 -0.025351759950879744 -0.010777654648360899 0.012290615939902709 -0.0015362593413015752 -0.023029819832387263 0.025127229933119468 0.0081714836213711232 -0.038002751428174622 0.030049498176851944 -0.017279780199646887
leaf_weight=187.7738785520196 115.72088839113712 56.901886940002441 6.810025252401827 31.427604682743549 75.713066548109055 70.270446136593819 3.6993391811847669 6.0581451654434204 8.2755363881587964 189.08246393501759 3.6964154839515686 269.80659975111485 3.5765333324670783 3.424945831298829 2.9973368346691114 4.3426006436347961 4.4968439787626266 522.51183246821165 5.623640775680542 7.0133444666862488 395.19828772544861 93.725879609584808 680.21829135715961 3399.9766830950975 103.70434674620628 14.001977816224096 20.400200128555298 17.305804148316387 4.5402349531650534 23.60328209400177
leaf_count=2406 499 381 79 246 513 476 25 41 68 1278 25 1804 24 23 20 29 30 6238 65 47 2679 637 5481 14629 436 61 86 76 21 102
internal_value=-0.000422305 -0.00584303 0.0178658 0.0148523 -0.0178279 -0.0201365 -0.0152749 0.0133236 0.0109829 -0.016728 0.0403972 -0.01194 -0.00166364 -0.0144766 0.00389485 0.0244056 0.0066393 0.0197626 -0.00504157 -0.0212335 -0.0229157 -0.0170452 0.0119254 -0.00194999 -0.00671544 -0.0126244 -0.017901 -0.000817978 -0.0238595 0.00273623
internal_weight=6331.9 4889.26 1442.64 1254.87 1190 837.444 278.249 13.4539 719.921 264.796 7.39575 352.56 60.4784 292.082 22.2751 12.2644 8.83944 534.945 12.4337 10.0107 559.195 163.996 688.494 3699.25 299.277 138.107 124.105 161.17 21.846 139.324
internal_count=38525 23942 14583 12177 8032 5674 1882 91 5795 1791 50 2358 405 1953 149 82 59 6382 144 67 3792 1113 5549 15910 1281 583 522 698 97 601
cat_boundaries=0 1 2 3 4 5 6 7
cat_threshold=22028416 201643272 1048704 4202496 67649 2 134223112
is_linear=0
shrinkage=0.05


Tree=47
num_leaves=31
num_cat=15
split_feature=5 5 6 5 9 7 6 2 1 8 7 1 8 9 7 7 2 7 1 8 9 7 7 7 7 7 9 7 9 7
split_gain=230.143 83.8104 72.5533 9.51937 3.40006 3.32325 3.23477 5.40197 9.68885 6.61849 6.62308 5.02894 6.69873 5.1928 6.41503 4.73777 4.81999 5.51783 4.02417 5.89499 6.1772 5.89557 4.87087 4.70281 4.59632 3.68206 3.3887 6.96912 3.29796 3.27625
threshold=0 1 2 3 4 7.5000000000000009 5 6 7 1.0000000180025095e-35 2.5000000000000004 8 1.0000000180025095e-35 9 9.5000000000000018 1.5000000000000002 10 19.500000000000004 11 3.5000000000000004 12 16.500000000000004 3.5000000000000004 5.5000000000000009 7.5000000000000009 3.5000000000000004 13 13.500000000000002 14 5.5000000000000009
decision_type=9 9 9 9 1 2 9 1 1 2 2 1 2 1 2 2 1 2 1 2 1 2 2 2 2 2 1 2 1 2
left_child=2 4 3 -1 -2 -5 15 11 -9 10 -10 -8 13 14 -13 28 17 18 19 20 21 -17 -21 25 -24 -22 27 -12 -3 -20
right_child=1 6 -4 5 -6 -7 7 8 9 -11 26 12 -14 -15 -16 16 -18 -19 29 22 23 -23 24 -25 -26 -27 -28 -29 -30 -31
leaf_value=0.035542522842313178 -0.013976727677194623 0.00094913115924725772 -0.0031166190797052504 0.016651968640371963 -0.01992811329702612 0.023091973640674179 0.0061891806955871181 -0.017919315594286608 -0.02441222410326134 -0.0059485425878984437 0.051131707255921081 -0.06989738296452068 -0.0009107823905289402 -0.0084514876258514789 -0.0098613275151061934 -0.011851461456239124 0.00089857032541460185 -0.016457562571079269 -0.025053455200496802 0.020391379061890803 0.017146917696907429 0.038507146611112986 -0.034517969202811381 0.0099832773864966962 -0.0060935309976498132 0.059839048659484521 0.0060811588025247373 0.0017920817666423458 -0.012905247257709083 -0.0055900223078239808
leaf_weight=182.19837169349194 359.43547037243843 63.657878175377846 337.98299399018288 299.74354972690344 722.16327340900898 603.95150512456894 195.34857733547688 144.81277947127819 13.765564724802969 592.18610402941704 14.639447078108789 9.6999356746673602 290.651177495718 30.531053707003593 8.2203527688980085 45.718075886368752 1772.5043086111546 84.477055743336678 27.542137622833252 13.369889333844183 10.670208141207697 6.65833956003189 17.995562061667442 69.626485139131546 67.827303856611252 9.5894946008920652 59.551797732710838 14.002419650554655 132.07653026282787 100.57290396094322
leaf_count=2406 2453 271 1482 3527 4952 7168 927 716 61 2662 65 44 1329 139 37 189 7499 354 116 56 45 28 75 293 284 41 269 63 551 423
internal_value=-0.000399742 -0.00556612 0.0172152 0.0235141 -0.0177859 0.0207266 -0.00204646 -0.00398142 -0.00647506 -0.00386698 0.00784362 -1.9978e-05 -0.00367175 -0.0209921 -0.0423578 -0.000937498 -0.000285735 -0.00482259 -0.00229353 0.00160907 0.00819931 -0.00544964 -0.00768048 0.0161525 -0.0120536 0.0373543 0.0128782 0.0270106 -0.00839945 -0.00906658
internal_weight=6301.17 4877.29 1423.88 1085.89 1081.6 903.695 3795.7 1373.41 838.958 694.145 101.959 534.451 339.103 48.4513 17.9203 2422.29 2226.55 454.047 369.57 241.455 142.263 52.3764 99.1928 89.8862 85.8229 20.2597 88.1937 28.6419 195.734 128.115
internal_count=38525 23942 14583 13101 7405 10695 16537 6312 3836 3120 458 2476 1549 220 81 10225 9403 1904 1550 1011 596 217 415 379 359 86 397 128 822 539
cat_boundaries=0 1 2 3 4 5 6 7 8 9 10 11 12 13 14 15
cat_threshold=22028416 34277956 8 1048704 2 17 49 2 3 4 16 12 1 2 4
is_linear=0
shrinkage=0.05


Tree=48
num_leaves=31
num_cat=8
split_feature=5 5 6 5 5 4 0 9 0 4 0 3 7 4 7 4 5 7 7 7 0 0 0 7 0 7 4 0 0 9
split_gain=210.47 77.0902 67.6121 9.42552 4.05733 4.69503 4.20683 4.77163 5.05823 4.99876 5.63161 3.83073 5.73457 7.85589 3.59921 3.52484 4.49292 3.94514 7.31879 4.13733 4.65941 3.77964 3.57888 3.53166 3.41992 3.39033 3.35318 3.80303 4.6846 4.41918
threshold=0 1 2 3 4 4.5000000000000009 63756.000000000007 5 377032.50000000006 5.5000000000000009 474332.00000000006 1.0000000180025095e-35 1.5000000000000002 6.5000000000000009 12.500000000000002 1.5000000000000002 6 8.5000000000000018 7.5000000000000009 4.5000000000000009 106948.50000000001 281076.00000000006 388459.00000000006 22.500000000000004 175344.00000000003 5.5000000000000009 2.5000000000000004 37515.000000000007 56986.000000000007 7
decision_type=9 9 9 9 9 2 2 1 2 2 2 2 2 2 2 2 9 2 2 2 2 2 2 2 2 2 2 2 2 1
left_child=2 15 3 -1 5 -3 11 -8 -9 10 -10 -6 13 -13 -7 16 17 18 19 20 -2 23 -23 -19 -22 -18 27 -4 -29 -30
right_child=1 4 26 -5 6 14 7 8 9 -11 -12 12 -14 -15 -16 -17 25 21 -20 -21 24 22 -24 -25 -26 -27 -28 28 29 -31
leaf_value=0.034851374269921104 0.017135746360063639 -0.017481293068562071 -0.030941572289607672 0.020034797303070614 -0.03317600558080061 -0.012446738551991916 -0.021546112185298019 -0.013912273795845973 0.087581855455368243 -0.018535511918348058 0.0046164717492156908 -0.024494741164262278 -0.022560032716188238 0.062610583822859722 0.0013831864467110354 -0.0022032875382735988 0.0098895456103506828 0.014404997027013734 -0.058381225226090766 0.025293835959623201 -0.057915975965015666 0.0631108108335416 0.018002411311651659 -0.030500145362934467 -0.008429099560503776 -0.0075340139315218926 -0.0051461345495955879 0.056184443401040653 -0.028084418229448623 0.015240726810400743
leaf_weight=176.85607172548771 12.476787462830545 158.04426275193691 5.3899856954812995 888.39034157246351 84.524990618228912 97.823176890611649 275.30104549229145 301.92443495988846 3.7004799544811231 5.8927801698446265 4.5731791853904724 5.5667110383510572 130.69035691022873 4.8382329046726227 90.628926277160645 3419.8297863900661 38.013510033488274 66.183590099215508 4.9836616665124884 16.660427376627922 4.9907732009887722 7.620313003659251 10.395921334624289 4.6887070238590232 11.619272664189337 105.14404967427254 287.34527929127216 5.6267999559640876 7.1755732595920572 32.743602186441422
leaf_count=2406 53 1081 23 10695 596 662 1913 2083 25 40 31 39 915 32 615 14680 166 286 21 72 21 34 47 21 51 458 1252 26 32 149
internal_value=-0.000378514 -0.00530188 0.0166105 0.0227959 -0.0164781 -0.0108137 -0.0187206 -0.0167336 -0.0125422 0.0166578 0.0417236 -0.0247585 -0.0197158 0.0160087 -0.00579576 -0.00175493 0.00360528 0.00959575 -0.000842338 0.00542589 -0.00595412 0.0166326 0.0370819 0.0114342 -0.0232983 -0.0027176 -0.00296266 0.00877334 0.0134733 0.00745292
internal_weight=6269.64 4866.12 1403.53 1065.25 1163.51 346.496 817.012 591.392 316.091 14.1664 8.27366 225.62 141.095 10.4049 188.452 3702.61 282.777 139.619 50.7309 45.7473 29.0868 88.8885 18.0162 70.8723 16.61 143.158 338.281 50.936 45.546 39.9192
internal_count=38525 23942 14583 13101 8032 2358 5674 4092 2179 96 56 1582 986 71 1277 15910 1230 606 218 197 125 388 81 307 72 624 1482 230 207 181
cat_boundaries=0 1 2 3 4 5 6 7 8
cat_threshold=22028416 201643272 8 1048704 67649 4 311552 1
is_linear=0
shrinkage=0.05


Tree=49
num_leaves=31
num_cat=7
split_feature=6 6 2 7 4 2 7 4 7 8 1 7 7 7 7 9 7 9 4 8 8 7 7 7 8 4 4 8 7 4
split_gain=135.845 43.4239 4.30412 4.11147 4.626 4.13776 5.76236 3.97853 5.017 3.97494 5.38008 8.73427 4.69436 4.48394 3.85291 3.76846 5.27658 3.51018 3.29453 3.02207 2.74156 5.5202 5.30354 4.43037 3.16936 2.98035 2.72061 3.91117 2.68453 3.95058
threshold=0 1 2 1.5000000000000002 8.5000000000000018 3 18.500000000000004 2.5000000000000004 19.500000000000004 1.0000000180025095e-35 4 9.5000000000000018 8.5000000000000018 17.500000000000004 13.500000000000002 5 6.5000000000000009 6 3.5000000000000004 1.0000000180025095e-35 5.5000000000000009 3.5000000000000004 5.5000000000000009 9.5000000000000018 1.5000000000000002 1.5000000000000002 2.5000000000000004 3.5000000000000004 1.5000000000000002 5.5000000000000009
decision_type=9 9 1 2 2 1 2 2 2 2 1 2 2 2 2 1 2 1 2 2 2 2 2 2 2 2 2 2 2 2
left_child=-1 2 9 4 17 6 -5 8 20 10 14 12 15 -13 -2 16 18 -3 -12 28 21 24 -22 -24 -7 -25 27 -19 29 -4
right_child=1 3 19 5 -6 7 -8 -9 -10 -11 11 13 -14 -15 -16 -17 -18 26 -20 -21 22 -23 23 25 -26 -27 -28 -29 -30 -31
leaf_value=-0.015810808960069509 0.040767703020100542 0.00013599154630684372 0.01342032927805158 -0.001080559801352335 0.023828563805986958 -0.0017860476448665456 -0.010643542721549389 -0.00027548539779112291 0.018958335136971319 0.012390699612516643 -0.085984799050589908 0.022479917686493888 -0.079486613349373431 -0.0062191523438700014 0.0027916411810537979 -0.0040361968493050288 0.022249398450843023 0.015533915258211829 -0.031330415618313852 0.0053903947664887038 -0.046046631038290181 0.0021623664011981977 0.038840500658687861 -0.033490142819628678 0.035573217485213082 0.0043435882402348986 -0.017155718635320831 -0.019397021018419943 0.01379725704320945 -0.033560091529521205
leaf_weight=1148.5337207466364 16.86582896113396 68.987526640295982 10.695625156164171 689.7752308100462 11.175041899085043 7.7821140587329891 204.14851941168308 1301.456400796771 59.661703512072563 791.26881589740515 4.120681293308734 31.694062486290932 3.0176718682050696 23.853452868759632 11.057969994843004 28.059887610375881 3.2360590323805818 17.236959099769592 8.3336422964930517 1201.8122102245688 7.9131629467010489 217.710015848279 5.8912927657365826 8.364820197224617 20.985826537013054 13.781305536627769 114.38741195201874 14.976042717695234 184.76595719903708 7.6934252753853789
leaf_count=8022 149 295 82 2923 48 33 864 5502 258 6508 29 281 23 189 90 218 24 73 60 9605 34 934 25 36 92 59 477 64 1472 56
internal_value=-0.000356073 0.00315559 0.00817611 -0.0010841 -0.00753855 -0.000511565 -0.00322838 0.000979788 0.00578402 0.0109397 0.00296417 -0.00295952 -0.0191698 0.0101558 0.0189446 -0.0150094 -0.0346334 -0.00916447 -0.0494136 0.00629898 0.00300101 0.0048824 -0.00989782 0.000304666 0.025467 -0.0099466 -0.0135411 -0.000705714 0.011984 -0.00623486
internal_weight=6239.24 5090.71 2326.48 2764.23 226.763 2537.47 893.924 1643.55 342.09 921.508 130.239 102.315 46.7679 55.5475 27.9238 43.7503 15.6904 215.588 12.4543 1404.97 282.429 246.478 35.9506 28.0374 28.7679 22.1461 146.6 32.213 203.155 18.3891
internal_count=38525 30503 18786 11717 957 10760 3787 6973 1471 7571 1063 824 354 470 239 331 113 909 89 11215 1213 1059 154 120 125 95 614 137 1610 138
cat_boundaries=0 1 2 3 4 5 6 7
cat_threshold=2 8 49 17 1 4 4
is_linear=0
shrinkage=0.05


Tree=50
num_leaves=31
num_cat=7
split_feature=5 5 6 5 9 0 0 4 9 0 0 0 0 4 4 9 4 0 0 0 0 0 0 0 8 0 4 4 8 4
split_gain=187.09 72.0986 51.9203 4.94398 4.37189 5.61579 4.02116 6.91037 5.83811 3.44234 3.40504 3.31198 7.40646 3.16827 3.1534 7.38065 4.11751 3.11406 7.52786 3.28452 3.05194 3.47048 4.4587 3.56623 3.49766 4.29676 3.22135 2.9931 2.94686 5.84152
threshold=0 1 2 3 4 558903.50000000012 51361.000000000007 6.5000000000000009 5 22338.500000000004 1720446.5000000002 151133.00000000003 161951.50000000003 6.5000000000000009 8.5000000000000018 6 3.5000000000000004 791219.50000000012 968814.50000000012 626210.00000000012 65596.000000000015 142707.50000000003 194569.50000000003 314804.50000000006 1.0000000180025095e-35 377032.50000000006 2.5000000000000004 1.5000000000000002 2.5000000000000004 5.5000000000000009
decision_type=9 9 9 9 1 2 2 2 1 2 2 2 2 2 2 1 2 2 2 2 2 2 2 2 2 2 2 2 2 2
left_child=2 4 14 9 5 -2 13 -8 11 -3 -10 -9 -13 -4 16 -16 27 19 -19 -11 -6 26 -23 -24 25 -25 -22 -1 -28 -30
right_child=1 3 6 -5 20 -7 7 8 10 17 -12 12 -14 -15 15 -17 -18 18 -20 -21 21 22 23 24 -26 -27 28 -29 29 -31
leaf_value=-0.012225889033420584 -0.012479511205719183 0.011608011838417226 0.012272017438050106 9.2323069417956955e-05 -0.022878998091437897 0.023335261628939605 0.026750729949932606 0.037102575743600229 0.01299828335091583 -0.0046029406810329451 -0.045951822975165729 -0.089055528869287345 0.026215462213896614 0.025985824725495765 -0.03482280788047077 0.032339655914015095 -0.0059761968938334201 -0.046755948008620235 -0.003404521370253673 0.013025353989208633 -0.032606768623066655 -0.03247751525141878 -0.0083064217270405177 0.029766782604649152 -0.022723293554314662 -0.015553664016723801 -0.015259137713785675 0.009665507035847341 0.014592171752708372 -0.01591782155157764
leaf_weight=18.792526975274086 342.2659690529108 33.483367994427681 147.78243881464005 2874.8946602195501 229.7102627158165 11.3068411052227 607.11250683665276 42.56212542206049 172.39839781820774 822.16913966834545 2.4848936200141898 1.7384016960859279 7.0239199101924896 58.902092002332211 5.2801190316677094 18.15654902160168 206.31198371946812 14.801317244768141 30.960397779941559 27.300946593284607 12.676924079656599 48.59017650783062 97.260670393705368 7.2176907956600216 166.5014678388834 18.989660128951073 48.808456689119339 92.315324500203133 35.411728844046593 28.167708694934845
leaf_count=85 2403 157 1830 12239 1645 78 7695 542 2181 3822 32 22 90 735 23 84 888 71 152 131 90 344 690 51 1179 134 344 412 251 199
internal_value=0.000478067 -0.00415058 0.0166465 -0.000936443 -0.0157088 -0.0113342 0.0222095 0.0239714 0.0165122 -0.00408811 0.0121607 0.0313396 0.00334626 0.0161803 -0.00047636 0.0172084 -0.00179712 -0.00472084 -0.0174262 -0.00403639 -0.0181662 -0.0158312 -0.0184604 -0.0161116 -0.0200508 -0.00307209 -0.00871359 0.00596285 -0.00601853 0.00107528
internal_weight=6231.38 4850.52 1380.86 3803.61 1046.91 353.573 1040 833.32 226.208 928.715 174.883 51.3244 8.76232 206.685 340.857 23.4367 317.42 895.232 45.7617 849.47 693.335 463.624 338.56 289.969 192.709 26.2074 125.065 111.108 112.388 63.5794
internal_count=38599 23980 14619 16572 7408 2481 13127 10562 2867 4333 2213 654 112 2565 1492 107 1385 4176 223 3953 4927 3282 2398 2054 1364 185 884 497 794 450
cat_boundaries=0 1 2 3 4 5 6 7
cat_threshold=22028416 34277956 16 67109889 2 1 4
is_linear=0
shrinkage=0.05


Tree=51
num_leaves=31
num_cat=5
split_feature=5 5 6 5 2 0 7 0 4 4 0 0 7 7 0 4 0 0 7 0 0 7 0 0 0 0 0 0 0 0
split_gain=171.034 66.0445 48.399 4.45661 7.44484 5.9703 5.27396 6.58538 4.90543 4.52609 4.81084 4.19937 3.91275 4.63694 3.82981 6.59982 4.74645 10.0499 16.032 3.81478 3.63761 3.53888 3.97567 3.41241 3.30633 3.25338 3.32931 3.22618 3.13487 5.11391
threshold=0 1 2 3 4 13498.000000000002 16.500000000000004 968814.50000000012 4.5000000000000009 3.5000000000000004 494759.00000000006 61927.000000000007 1.0000000180025095e-35 1.5000000000000002 51361.000000000007 6.5000000000000009 109628.00000000001 116332.00000000001 9.5000000000000018 63756.000000000007 826995.50000000012 18.500000000000004 60125.000000000007 145781.00000000003 194569.50000000003 16555.500000000004 18684.500000000004 1720446.5000000002 394158.50000000006 199524.50000000003
decision_type=9 9 9 9 1 2 2 2 2 2 2 2 2 2 2 2 2 2 2 2 2 2 2 2 2 2 2 2 2 2
left_child=2 19 -1 4 5 -3 9 8 -8 20 12 -10 -11 -14 -4 -16 -17 18 -18 21 -7 22 25 -21 -25 -2 -27 -19 29 -13
right_child=1 3 14 -5 -6 6 7 -9 11 10 -12 28 13 -15 15 16 17 27 -20 23 -22 -23 -24 24 -26 26 -28 -29 -30 -31
leaf_value=-0.00045161524997698664 -0.045215603688414319 0.078568936130398837 0.015583536675126195 8.7724812330440736e-05 -0.0074047509096032711 -0.015158785109266682 0.023920307207124042 -0.050928770930004211 0.026812552051529489 -0.025249675131786303 -0.022043429724287914 0.00050209228835117832 0.044067505651410446 0.0046864162349813552 0.025997805455628461 0.027206824089099677 -0.16662323626696993 0.014393581662311958 0.018456913014233467 -0.0090791575315540742 0.033029423562427572 -0.008855923277306282 -0.051446902440425796 -0.024157468184999902 -0.013913522120134043 0.014658366646556162 -0.02120220295993961 -0.041985647594575813 0.024298333122545278 -0.044088887158524437
leaf_weight=340.79541379213333 13.629750460386274 2.5146171003580085 203.95035556703806 2874.8345177173615 569.59166172146797 74.384965613484383 51.959687396883965 4.1641377359628668 12.497516497969626 10.170418366789816 18.809712797403336 20.078210428357128 7.9053145498037329 137.23781423270702 593.8037012219429 65.648893915116787 2.0332280918955794 150.12995912134647 2.7561260759830475 282.52738003432751 4.1339390426874152 52.996224462985992 11.846515938639639 98.696593821048737 390.10510766506195 6.7144685089588156 179.46194522082806 2.5810299813747397 6.6167119294404975 9.4589526504278165
leaf_count=1492 99 12 2565 12239 2635 348 247 20 59 49 91 95 37 642 7695 851 26 1923 35 2005 21 387 86 705 2777 49 1300 32 33 44
internal_value=0.000457447 -0.00395252 0.0160445 -0.000889354 -0.00388004 0.0017472 0.00125561 0.010687 0.0132371 -0.00265575 0.0018383 0.00182753 0.00473057 0.00683133 0.0215021 0.0232429 0.0159119 0.011204 -0.0601153 -0.0150852 -0.0126217 -0.0204106 -0.0233038 -0.0134535 -0.0159819 -0.0216352 -0.0199089 0.0134407 -0.00680919 -0.0137777
internal_weight=6202.03 4840.34 1361.7 3804.36 929.524 359.932 357.417 104.775 100.611 252.642 174.123 48.6514 155.314 145.143 1020.9 816.953 223.149 157.5 4.78935 1035.98 78.5189 264.649 211.653 771.329 488.802 199.806 186.176 152.711 36.1539 29.5372
internal_count=38599 23980 14619 16572 4333 1698 1686 498 478 1188 819 231 728 679 13127 10562 2867 2016 61 7408 369 1921 1534 5487 3482 1448 1349 1955 172 139
cat_boundaries=0 1 2 3 4 5
cat_threshold=22028416 34277956 16 67109889 49
is_linear=0
shrinkage=0.05


Tree=52
num_leaves=31
num_cat=6
split_feature=5 5 6 9 7 0 7 7 5 0 4 9 0 4 4 0 0 4 8 8 7 4 0 0 7 8 7 0 4 8
split_gain=156.296 60.4534 45.0938 4.04693 5.23242 5.11044 7.10933 4.46896 4.02492 3.64385 6.29064 5.47484 3.1888 3.10042 3.0345 2.96108 4.37408 5.92607 5.05381 6.73938 5.81471 14.3443 3.81545 3.69537 3.68394 6.49829 3.59541 3.39266 3.84454 2.95745
threshold=0 1 2 3 8.5000000000000018 558903.50000000012 13.500000000000002 7.5000000000000009 4 51361.000000000007 6.5000000000000009 5 104552.50000000001 4.5000000000000009 6.5000000000000009 73122.000000000015 142707.50000000003 2.5000000000000004 1.0000000180025095e-35 2.5000000000000004 15.500000000000002 5.5000000000000009 112439.50000000001 199524.50000000003 21.500000000000004 1.0000000180025095e-35 22.500000000000004 26110.500000000004 7.5000000000000009 3.5000000000000004
decision_type=9 9 9 1 2 2 2 2 9 2 2 1 2 2 2 2 2 2 2 2 2 2 2 2 2 2 2 2 2 2
left_child=2 3 -1 5 -5 7 -7 13 -3 14 -11 12 -12 -2 -4 27 17 -17 -19 -20 21 22 -21 -18 -25 -26 -22 28 -6 -29
right_child=1 8 9 4 15 6 -8 -9 -10 10 11 -13 -14 -15 -16 16 23 18 19 20 26 -23 -24 24 25 -27 -28 29 -30 -31
leaf_value=-0.00042962416253311135 -0.012290195794717714 -0.003686351088163529 0.011147985326557598 -0.022517983341335038 -0.012395548925010163 -0.009505515767663883 0.071200229129871173 -0.015330542160869615 8.3355423591854319e-05 0.025252658666505997 0.039109044202000481 0.011106442169296793 0.01213465953693516 0.0046851411528576695 0.02477964875596099 -0.040219440762290448 -0.02961738670448651 0.041294922914006715 -0.026072252981356715 0.053412355481763353 -0.01455220865630521 -0.019048050250285439 0.12491772701905615 -0.0081279208502525319 0.038473344010106152 -0.03987697311580575 0.047074474082063028 -0.016671241970875897 0.033513445657379536 -0.032882832794689398
leaf_weight=340.8383851647377 49.162494540214539 930.18599715828896 144.42987198382616 255.5601812005043 30.700709074735641 6.8330132067203504 4.5429154634475708 227.70975998044014 2874.7773621529341 581.08740499615669 32.607877917587757 171.13204515725374 16.500530153512955 59.395017638802528 56.912434779107571 7.6654270291328421 31.528540074825287 8.8663028329610807 16.178738087415695 4.3962416052818316 15.334524199366571 6.1060122102499008 3.2407990992069244 149.49465534090996 3.0476223528385189 20.102466240525246 2.7986898571252814 70.836984351277351 5.3557901233434668 46.6649139970541
leaf_count=1492 352 4333 1830 1856 227 47 31 1627 12239 7695 437 2213 217 424 735 56 231 63 116 31 109 44 23 1079 22 147 20 520 39 344
internal_value=0.000437252 -0.00376413 0.015456 -0.0144805 -0.016871 -0.0102356 0.0227239 -0.0113507 -0.000845459 0.0208069 0.0225253 0.0153294 0.0300456 -0.00300249 0.0150012 -0.0134538 -0.0102891 0.00105212 0.00661004 0.000210566 0.0135504 0.0380803 0.0837559 -0.0138767 -0.0110021 -0.0295624 -0.00504071 -0.0189926 -0.00557628 -0.0231095
internal_weight=6173.99 4830.49 1343.51 1025.52 677.879 347.643 11.3759 336.267 3804.96 1002.67 801.328 220.24 49.1084 108.558 201.342 422.318 268.76 64.5867 56.9213 48.055 31.8763 13.7431 7.63704 204.173 172.645 23.1501 18.1332 153.558 36.0565 117.502
internal_count=38599 23980 14619 7408 4927 2481 78 2403 16572 13127 10562 2867 654 776 2565 3071 1941 462 406 343 227 98 54 1479 1248 169 129 1130 266 864
cat_boundaries=0 1 2 3 4 5 6
cat_threshold=22028416 34277956 16 2 67109889 1
is_linear=0
shrinkage=0.05


Tree=53
num_leaves=31
num_cat=11
split_feature=5 5 5 5 9 7 2 7 7 5 2 7 4 8 8 4 8 4 5 7 8 9 7 7 4 7 5 7 8 8
split_gain=142.77 55.339 14.3056 4.05295 3.76402 4.88999 4.19958 3.70165 4.34693 3.63297 6.72089 4.22788 4.52222 7.43417 5.10843 4.12476 4.27768 3.6148 3.51318 5.29523 4.59165 3.44714 3.32418 3.31117 3.17678 3.16586 3.0701 4.30615 3.04268 2.96043
threshold=0 1 2 3 4 8.5000000000000018 5 5.5000000000000009 1.0000000180025095e-35 6 7 16.500000000000004 3.5000000000000004 2.5000000000000004 4.5000000000000009 5.5000000000000009 1.0000000180025095e-35 6.5000000000000009 8 12.500000000000002 1.0000000180025095e-35 9 15.500000000000002 1.0000000180025095e-35 4.5000000000000009 1.5000000000000002 10 15.500000000000002 4.5000000000000009 1.5000000000000002
decision_type=9 9 9 9 1 2 1 2 2 9 1 2 2 2 2 2 2 2 9 2 2 1 2 2 2 2 9 2 2 2
left_child=2 4 -1 24 6 -6 26 8 -8 10 11 12 13 21 -15 16 -13 18 19 -9 -21 -3 23 -14 -4 -25 27 -2 -5 -22
right_child=1 9 3 28 5 -7 7 17 -10 -11 -12 15 22 14 -16 -17 -18 -19 -20 20 29 -23 -24 25 -26 -27 -28 -29 -30 -31
leaf_value=0.0094576944810552382 -0.011461460813982619 0.031285671252720304 0.038577334044194937 0.019746024008506127 -0.021727332229462739 -0.012908185790691307 -0.024410910954061563 -0.015079932630959718 0.015426398826944524 7.9203633864699085e-05 -0.0068435183538026953 0.04936229785425051 -0.020979092511816257 -0.040376706173995705 -0.0060328564552734687 -0.0026413977609235817 0.012790935524331743 -0.020482222210188486 -0.0094951832817621179 0.073907882073446687 -0.02401592070755804 -0.0039327471263566017 -0.023893748727674136 0.03639559176765244 0.024545503183350668 0.0048636901717541703 -0.01962756013142769 0.032742357508027599 0.01082875248111129 0.022585942210338619
leaf_weight=681.89057763665915 17.404578596353534 9.5403140783309937 71.884996958076954 348.60095992684364 251.71663171052933 418.5072063729167 8.3993704766035062 14.461511999368666 37.066197723150253 2874.7230425924063 570.91380651295185 9.3074893653392774 11.720990255475042 24.544059038162231 19.374539151787758 38.526891842484474 56.740859165787697 42.982144057750702 70.165850833058357 3.7345567196607616 4.1643337905406979 25.570057779550552 10.879702433943747 8.4214882254600507 91.908858917653561 145.370530590415 120.081752628088 8.0613036751747114 131.83880289644003 18.761662021279335
leaf_count=5769 123 46 1078 4645 1856 3071 60 104 265 12239 2635 45 56 113 92 183 270 309 505 27 30 119 51 40 1366 683 866 57 1761 135
internal_value=0.000417242 -0.00358487 0.0148818 0.0203906 -0.0138986 -0.0162204 -0.00979441 -0.00425833 0.0080668 -0.000803499 -0.00350122 0.00184097 -0.00157499 -0.0115145 -0.025226 0.0103604 0.0179445 -0.00816675 -0.00341021 0.00746594 0.0224959 0.00563693 0.00287818 0.00463798 0.028937 0.00659034 -0.0159997 0.00181764 0.0169463 0.0141211
internal_weight=6147.27 4821.14 1326.12 644.234 1015.51 670.224 345.283 199.736 45.4656 3805.63 930.911 359.997 255.422 79.029 43.9186 104.575 66.0483 154.27 111.288 41.1221 26.6606 35.1104 176.393 165.513 163.794 153.792 145.548 25.4659 480.44 22.926
internal_count=38599 23980 14619 8850 7408 4927 2481 1435 325 16572 4333 1698 1200 370 205 498 315 1110 801 296 192 165 830 779 2444 723 1046 180 6406 165
cat_boundaries=0 1 2 3 4 5 6 7 8 9 10 11
cat_threshold=22028416 34277956 16777216 1048704 2 20 67109889 49 33686016 2 67584
is_linear=0
shrinkage=0.05


Tree=54
num_leaves=31
num_cat=11
split_feature=5 5 5 5 9 0 2 8 5 0 4 0 4 0 4 5 2 0 2 0 8 0 4 0 5 0 0 4 0 8
split_gain=130.283 50.7141 13.6015 4.8661 3.44948 4.58221 4.71924 3.39682 4.09498 3.4738 3.38579 5.78902 5.35241 5.16582 4.06366 3.28177 6.06574 5.4936 3.23204 5.18322 3.82364 5.65419 3.1147 3.27855 3.07813 2.95286 5.316 6.08336 3.0036 2.9544
threshold=0 1 2 3 4 558903.50000000012 5 4.5000000000000009 6 52196.000000000007 6.5000000000000009 68168.000000000015 4.5000000000000009 109628.00000000001 7.5000000000000009 7 8 13498.000000000002 9 78992.000000000015 1.5000000000000002 123644.50000000001 4.5000000000000009 1087860.0000000002 10 125167.00000000001 108463.00000000001 3.5000000000000004 139077.50000000003 2.5000000000000004
decision_type=9 9 9 9 1 2 1 2 9 2 2 2 2 2 2 9 1 2 1 2 2 2 2 2 9 2 2 2 2 2
left_child=2 4 22 -4 5 6 7 8 9 -2 11 -11 13 -13 -12 16 17 -3 19 -10 21 -21 -1 -24 -9 26 -19 -28 29 -27
right_child=1 15 3 -5 -6 -7 -8 24 18 10 14 12 -14 -15 -16 -17 -18 25 -20 20 -22 -23 23 -25 -26 28 27 -29 -30 -31
leaf_value=0.037915257396880481 0.06955864383752712 0.076082553407272602 0.016335563459594929 0.009039334876016842 -0.015584346590726295 0.021621735210072601 -0.01545599708430978 0.0062485306734116246 -0.037076874193203796 -0.044089236779313576 -0.059798734886556862 0.051008960236475054 0.056096125456266493 -0.0075704251443100435 0.0082327544790846818 7.5258566853753474e-05 -0.006497996379248693 0.0033687992705527716 -0.01404920911118596 0.047920035170547354 0.043102162475718603 -0.046386906698619008 0.025343996458861873 -0.036190247746714851 -0.020900532122481164 1.7885544620732355e-05 -0.016347285370110438 0.053472417366602347 -0.0010792637628131124 -0.046713459923476718
leaf_weight=69.543081473559141 2.7089909166097632 2.4719166755676261 473.52959103137255 678.33330011367798 662.90315132588148 11.498234465718268 186.94158644974232 14.152973055839537 4.3923472613096264 3.2318729311227825 3.2869885563850385 5.4061881899833741 9.8995286375284177 12.385725647211073 6.6072999686002731 2874.6714223921299 571.71830672025681 141.14838802814484 38.971056535840034 2.7793940305709866 10.177255943417547 3.7120547741651535 87.778108768165112 2.2193861231207839 27.080722093582153 6.2207641750574094 4.3142251074314109 11.268672794103621 186.93728241324425 7.4118802696466446
leaf_count=1078 20 12 6406 5769 4927 78 1358 102 32 24 24 39 71 89 48 12239 2635 663 281 20 73 27 1333 33 195 29 20 51 888 35
internal_value=0.000396213 -0.00341654 0.0143044 0.0121536 -0.0133451 -0.00940907 -0.0104846 -0.00280492 0.0018338 0.0119773 0.0110901 0.0192358 0.0266264 0.0102293 -0.014368 -0.000763903 -0.00332693 0.00175169 -0.00644275 0.00762386 0.0239766 -0.00600822 0.0282002 0.0238265 -0.0151353 0.00128648 0.00642844 0.0341424 -0.00273161 -0.0253893
internal_weight=6123.7 4812.3 1311.4 1151.86 1006.14 343.232 331.734 144.792 103.559 43.5266 40.8176 30.9233 27.6914 17.7919 9.89429 3806.16 931.491 359.773 60.0321 21.0611 16.6687 6.49145 159.541 89.9975 41.2337 357.301 156.731 15.5829 200.57 13.6326
internal_count=38599 23980 14619 12175 7408 2481 2403 1045 748 315 295 223 199 128 72 16572 4333 1698 433 152 120 47 2444 1366 297 1686 734 71 952 64
cat_boundaries=0 1 2 3 4 5 6 7 8 9 10 11
cat_threshold=22028416 34277956 1048704 4202496 2 42 131076 67109889 49 40 34079232
is_linear=0
shrinkage=0.05


Tree=55
num_leaves=31
num_cat=9
split_feature=5 5 5 7 0 0 0 1 0 4 0 0 0 7 8 0 5 5 0 4 8 4 0 7 0 0 2 1 4 2
split_gain=102.055 33.7574 14.9791 5.3255 4.038 5.56001 8.2306 3.51974 6.19407 6.45922 4.33136 4.20536 8.64542 4.21221 5.13271 4.16147 3.21758 3.2128 4.06912 5.39899 3.05105 7.97097 5.82664 4.20855 6.92254 4.00254 5.90427 4.49739 4.74063 4.19358
threshold=0 1 2 2.5000000000000004 791219.50000000012 596011.50000000012 665728.00000000012 3 219797.00000000003 3.5000000000000004 23886.500000000004 28354.500000000004 32493.500000000004 8.5000000000000018 3.5000000000000004 250886.50000000003 4 5 15073.000000000002 5.5000000000000009 3.5000000000000004 9.5000000000000018 32493.500000000004 4.5000000000000009 19691.000000000004 260259.00000000003 6 7 1.5000000000000002 8
decision_type=9 9 9 2 2 2 2 1 2 2 2 2 2 2 2 2 9 9 2 2 2 2 2 2 2 2 1 1 2 1
left_child=2 16 -1 4 5 -4 -7 8 10 -10 -3 -12 -13 -14 -15 -11 20 -5 19 -19 21 22 23 24 -2 29 27 28 -27 -24
right_child=1 7 3 17 -6 6 -8 -9 9 15 11 12 13 14 -16 -17 -18 18 -20 -21 -22 -23 25 -25 -26 26 -28 -29 -30 -31
leaf_value=0.02706447780774536 0.010149523497398734 0.022680608777543465 0.0018550836449227931 0.015262043075336129 0.047168880087630961 -0.11398706752847201 0.0095296846810573425 -0.012035092466197536 0.080281523555960146 0.050635955264242631 -0.052288266413221554 0.057948105386322807 -0.031792921089913773 0.011433723156978541 -0.024585602115788533 -0.015784308200447159 -0.0022797381211763809 0.0073891104963458567 0.0093275422597967669 -0.074782192359773889 -0.001953552238670542 0.035855415969275994 0.016046263725790235 -0.0045461385574332722 -0.05352398926544083 -0.066272623710619719 0.0049096853966459283 0.0058794357970044881 -0.015171159338026697 0.0036091320407329406
leaf_weight=152.95434295758605 6.5442900210618999 10.863348200917242 135.89461100101471 408.6844627186656 4.6627421826124182 2.5980250462889662 2.8047371357679367 984.54968544840813 4.2788377851247779 3.6142426878213865 5.7311478480696669 4.6676567345857611 19.505606524646282 23.798170149326324 16.923979550600052 6.7859182357788086 2216.2856008857489 4.9271115288138372 583.58967313915491 3.3636959940195084 621.26511570811272 17.687459796667099 75.157430365681648 65.29461994767189 12.275551825761793 4.8385930508375159 135.08801600337029 29.429830938577652 73.169805824756622 451.98233151435852
leaf_count=2403 27 78 1415 5615 54 30 27 7279 31 26 41 34 141 172 122 49 9580 40 4997 24 2640 78 320 270 51 21 579 128 314 1916
internal_value=2.28493e-05 -0.0033527 0.0123951 0.0102211 0.00138818 -0.000122558 -0.0498658 -0.0110909 -0.00120107 0.0285722 -0.0067116 -0.0112325 -0.00760675 -0.0126873 -0.00353578 0.00729793 -0.00107422 0.0116117 0.00868664 -0.0259489 0.000718892 0.00263231 0.00194404 -0.0105505 -0.0313826 0.00330954 -0.00200628 -0.0102089 -0.0162568 0.00575524
internal_weight=6089.22 4789.74 1299.48 1146.53 145.96 141.297 5.40276 1080.72 96.1689 14.679 81.4899 70.6266 64.8954 60.2278 40.7221 10.4002 3709.02 1000.56 591.88 8.29081 1492.73 871.468 853.78 84.1145 18.8198 769.666 242.526 107.438 78.0084 527.14
internal_count=38502 23897 14605 12202 1526 1472 57 7973 694 106 588 510 469 435 294 75 15924 10676 5061 64 6344 3704 3626 348 78 3278 1042 463 335 2236
cat_boundaries=0 1 2 3 4 5 6 7 8 9
cat_threshold=22028416 201643272 1048704 8 134254600 4202496 13 5 40
is_linear=0
shrinkage=0.05


Tree=56
num_leaves=31
num_cat=6
split_feature=5 6 5 0 4 9 5 8 0 8 8 0 0 8 0 0 4 4 0 0 4 1 0 4 0 0 0 0 0 0
split_gain=93.0414 50.7344 30.8844 4.0124 8.82571 10.8809 4.93881 3.61369 3.54458 5.8027 5.45541 4.10214 6.94045 5.25502 3.67522 16.7202 5.5646 3.88633 3.56187 3.4969 3.38745 3.22215 5.50438 5.39715 4.17893 3.89871 3.98161 7.60183 4.20489 4.891
threshold=0 1 2 51361.000000000007 6.5000000000000009 3 4 1.5000000000000002 281076.00000000006 5.5000000000000009 1.0000000180025095e-35 113728.50000000001 142707.50000000003 5.5000000000000009 646099.00000000012 733058.00000000012 8.5000000000000018 7.5000000000000009 1021556.0000000001 413227.00000000006 6.5000000000000009 5 219797.00000000003 6.5000000000000009 318982.00000000006 23886.500000000004 28354.500000000004 32493.500000000004 91179.000000000015 183204.00000000003
decision_type=9 9 9 2 2 1 9 2 2 2 2 2 2 2 2 2 2 2 2 2 2 1 2 2 2 2 2 2 2 2
left_child=1 3 -2 20 -5 6 -6 -7 10 14 -8 -12 -13 -14 16 -16 17 -10 -17 -19 -1 22 25 24 -24 -4 -27 -28 -29 -30
right_child=2 -3 21 4 5 7 8 -9 9 -11 11 12 13 -15 15 18 -18 19 -20 -21 -22 -23 23 -25 -26 26 27 28 29 -31
leaf_value=0.0074225111776375155 -0.0010162226991972828 -0.0046095950757502509 0.021218291578234724 0.023074045131925573 0.0083157870812489883 0.007044250501460389 -0.11017386673038157 0.025585542249718388 0.0034962113058240049 0.054402062946881713 0.054404272088090171 -0.11796874369908655 -0.00021337819904638516 -0.098277771994000451 -0.18135178611638364 0.036819074242037578 0.054367748494384339 -0.10859306541975433 -0.040168518007946866 -0.007730120469472356 0.022032154341604413 -0.01153454561433874 0.067962428920180132 -0.022857199719732376 0.0035135136582330191 -0.051451532543894174 0.052924215567692827 -0.024766506699165563 0.011836901072834792 -0.041218734386287495
leaf_weight=138.0236786454916 3710.0284584909678 341.55187192559242 11.027053907513617 541.25113919004798 42.937884233891964 37.01900727674365 2.1275537908077231 90.58070557564497 6.878676958382135 3.4918241873383513 1.4840371534228314 2.029582403600215 8.2471199929714167 1.637355916202069 1.6969502121210087 2.856462761759758 3.5453354567289344 1.8411020934581759 3.1692479401826859 1.6114908903837202 55.683275178074837 976.55360544472933 7.0063071697950345 4.0319129079580298 3.9238322228193283 5.5380499735474578 4.8502165377140036 31.395097099244595 22.969235286116604 5.3569331914186469
leaf_count=1834 15924 1503 78 7620 574 510 29 1254 93 47 20 27 112 22 23 39 48 25 42 22 761 7279 49 29 28 41 34 230 166 39
internal_value=2.70423e-05 0.0119036 -0.00318877 0.0178509 0.0196917 0.0110217 -0.00300458 0.0202064 -0.0136569 -0.00540036 -0.0357966 -0.0239859 -0.0337503 -0.0164577 -0.0150683 -0.0427154 0.000318037 -0.01823 -0.00367287 -0.0615155 0.0116222 -0.0106243 -0.00115879 0.0265869 0.0448258 -0.00641807 -0.0107648 -0.00727526 -0.0121643 0.00180323
internal_weight=6070.35 1287.66 4782.68 946.112 752.405 211.154 83.5546 127.6 40.6167 25.0911 15.5256 13.3981 11.9141 9.88448 21.5993 7.72266 13.8766 10.3313 6.02571 3.45259 193.707 1072.65 96.0986 14.9621 10.9301 81.1366 70.1095 64.5715 59.7213 28.3262
internal_count=38502 14605 23897 13102 10507 2887 1123 1764 549 339 210 181 161 134 292 104 188 140 81 47 2595 7973 694 106 77 588 510 469 435 205
cat_boundaries=0 1 2 3 4 5 6
cat_threshold=22028416 8 201643272 4 17825920 8
is_linear=0
shrinkage=0.05


Tree=57
num_leaves=31
num_cat=8
split_feature=6 6 9 2 0 3 2 7 0 1 0 7 4 0 0 7 0 0 4 7 0 2 0 0 0 7 2 0 7 7
split_gain=53.8929 19.2129 5.07888 4.7354 3.87779 3.66841 3.61951 4.77197 3.90511 3.07482 4.8255 5.37588 8.24507 3.46364 2.93475 2.87169 2.71006 3.87708 4.48144 2.91148 2.64837 7.46648 5.28943 3.6243 6.13297 11.3092 5.25989 4.96101 3.29686 3.1762
threshold=0 1 2 3 11564.000000000002 1.0000000180025095e-35 4 9.5000000000000018 307029.50000000006 5 219797.00000000003 13.500000000000002 4.5000000000000009 18684.500000000004 123644.50000000001 16.500000000000004 2177138.5000000005 1186178.0000000002 3.5000000000000004 13.500000000000002 274177.50000000006 6 284828.00000000006 222502.50000000003 201980.00000000003 9.5000000000000018 7 214525.00000000003 21.500000000000004 7.5000000000000009
decision_type=9 9 1 1 2 2 1 2 2 1 2 2 2 2 2 2 2 2 2 2 2 1 2 2 2 2 1 2 2 2
left_child=9 2 6 -4 -5 -3 7 -2 14 10 13 12 -12 -1 15 -9 17 -6 -19 -20 23 -22 -23 24 -7 27 -25 -26 -24 -28
right_child=1 5 3 4 16 20 -8 8 -10 -11 11 -13 -14 -15 -16 -17 -18 18 19 -21 21 22 28 26 25 -27 29 -29 -30 -31
leaf_value=0.030544749838681742 0.051259550430366618 0.0012334058365986594 -0.0027130103275728153 -0.030457493179014763 0.0052371242644908764 -0.0011557805186173807 0.0079245068256778555 -0.025282539648207154 -0.033623417276864263 -0.011037242087604182 0.10339864281761585 -0.011576906862354347 0.0075063214220507744 -0.0088579230160786195 0.044547826808132601 0.03142990659811417 -0.022218086798136444 0.064438272746197373 -0.0028831954050034907 0.036013802698047222 0.0005775774356031355 -0.057076367063757232 -0.010753941083385763 0.021358459734543131 -0.076602583892382586 -0.0011435934297382424 0.014959211394405113 -0.018386447546890814 -0.039630752810024379 -0.010334690116991417
leaf_weight=6.0284678041934958 15.337059430778025 1401.4723366945982 219.63427226617932 7.5676273964345446 1234.5588897280395 891.60901026427746 679.41193324327469 4.3306052610278183 3.4969942420721045 966.73115207254887 3.9562305957078916 6.0946200340986243 5.1723625510931015 74.517386801540852 8.868217106908558 4.6064490117132664 8.7948572486639005 5.6104630380868938 11.235599525272848 8.4131952673196775 197.28674829006195 7.1012082248926154 134.29425945878029 32.301856979727745 9.6616809666156751 27.328246861696243 18.036391735076904 5.8907132297754279 10.669490173459051 39.79531817138195
leaf_count=42 126 5989 1842 58 10423 3737 5849 38 29 7270 27 42 37 545 76 45 71 50 91 76 832 30 570 137 41 115 76 25 45 168
internal_value=2.641e-05 0.00220894 0.00567584 0.00404379 0.00518727 -0.000564423 0.00916441 0.0235625 0.0146825 -0.0101436 -0.000932161 0.024787 0.049065 -0.00590882 0.0241699 0.0039489 0.00544079 0.00563388 0.0250255 0.0137717 -0.00240234 -0.00616175 -0.0140212 -0.00112054 -0.00204408 -0.0205144 0.00845457 -0.0545523 -0.0128793 -0.00208549
internal_weight=6049.81 4987.31 2211.87 1495.81 1276.18 2775.45 716.051 36.6393 21.3023 1062.5 95.7691 15.2232 9.12859 80.5459 17.8053 8.93705 1268.61 1259.82 25.2593 19.6488 1373.97 349.352 152.065 1024.62 934.49 42.8806 90.1336 15.5524 144.964 57.8317
internal_count=38502 30539 18774 12611 10769 11765 6163 314 188 7963 693 106 64 587 159 83 10711 10640 217 167 5776 1477 645 4299 3918 181 381 66 615 244
cat_boundaries=0 1 2 3 4 5 6 7 8
cat_threshold=2 8 2 40 32 8 26 5
is_linear=0
shrinkage=0.05


Tree=58
num_leaves=31
num_cat=7
split_feature=5 5 5 7 5 0 0 0 0 0 8 7 8 4 0 5 0 4 9 8 0 0 0 7 1 4 0 7 4 0
split_gain=82.2871 25.1847 14.0316 4.94345 3.85233 3.82566 4.78453 6.7633 3.14549 3.76075 2.9083 2.88986 4.15422 3.05494 5.45544 3.22591 3.41579 5.00038 2.8518 7.92606 6.47108 8.23037 5.84664 5.64843 8.1444 6.08633 7.12925 5.04733 5.94748 4.71021
threshold=0 1 2 2.5000000000000004 3 791219.50000000012 596011.50000000012 665728.00000000012 11564.000000000002 22338.500000000004 5.5000000000000009 3.5000000000000004 4.5000000000000009 9.5000000000000018 609958.00000000012 4 15073.000000000002 5.5000000000000009 5 4.5000000000000009 123644.50000000001 116332.00000000001 35426.000000000007 9.5000000000000018 6 5.5000000000000009 303061.00000000006 8.5000000000000018 8.5000000000000018 149329.50000000003
decision_type=9 9 9 2 9 2 2 2 2 2 2 2 2 2 2 9 2 2 1 2 2 2 2 2 1 2 2 2 2 2
left_child=2 -2 -1 5 -3 6 10 -8 -6 -10 -4 12 -5 15 -15 -13 17 -17 19 22 21 -21 -11 27 -25 26 29 28 -24 -26
right_child=1 4 3 11 8 -7 7 -9 9 18 -12 13 -14 14 -16 16 -18 -19 -20 20 -22 -23 23 24 25 -27 -28 -29 -30 -31
leaf_value=0.025748011572637244 -0.010159221108728432 0.00040946976733952301 -0.0019372756161021123 0.031585651629800086 -0.034267023252163131 0.04632206087043652 -0.10122901271644731 0.0089942931888783266 0.0089197032520121015 -0.042569211051545111 0.019182214115402389 0.013199417428898234 -0.00041275016920825697 0.035009002536158566 -0.061845565455860098 0.0070834582111268867 0.0071930661260088671 -0.07196114366148347 -0.004509996543218626 -0.003202705242669033 -0.019074222825422329 0.066408861161984425 0.00529083369653167 0.0053371200255937232 0.0025416052302782658 -0.031602731657048889 0.037330948098230711 0.035255440630179803 0.043945556207564664 -0.033117485330094953
leaf_weight=146.23801781609654 966.24713031947613 1946.329918012023 114.94407630711794 35.092968620359898 7.9010122865438452 4.4386216327548018 2.7901132330298415 2.7767993956804276 67.645909622311592 6.8398870080709449 18.994700275361538 367.18338637053967 14.266769319772719 20.718460686504844 1.5636055022478093 4.9044705107808095 532.26006040722132 3.3794055804610252 1184.1705116182566 72.697637379169464 86.06764055788517 4.5095588415861121 143.2080497443676 172.4812409132719 21.665033102035522 32.008197516202927 8.7705899477004987 19.057047978043556 10.69412551820278 16.174218147993088
leaf_count=2403 7340 8248 1228 383 35 54 30 27 305 32 187 5212 146 239 14 40 4619 23 5310 327 389 20 634 775 98 141 39 84 49 71
internal_value=2.65505e-05 -0.00299014 0.0112872 0.00919405 -0.00114544 0.000624013 -0.000829952 -0.0462492 -0.00277132 -0.00265153 0.00105781 0.0105475 0.0223369 0.0099218 0.0282124 0.00947282 0.00657556 -0.0251628 -0.00309169 -0.000265033 -0.00964648 0.000863204 0.00328976 0.00402945 -0.000759832 -0.0131431 -0.00328624 0.0109824 0.00797682 -0.0127007
internal_weight=6036.02 4766.47 1269.55 1123.31 3800.22 143.944 139.506 5.56691 1853.89 1845.99 133.939 979.369 49.3597 930.009 22.2821 907.727 540.544 8.28388 1778.34 594.173 163.275 77.2072 430.898 424.059 251.099 78.618 46.6098 172.959 153.902 37.8393
internal_count=38502 23897 14605 12202 16557 1526 1472 57 8309 8274 1415 10676 529 10147 253 9894 4682 63 7969 2659 736 347 1923 1891 1124 349 208 767 683 169
cat_boundaries=0 1 2 3 4 5 6 7
cat_threshold=22028416 34277956 1048704 134270984 4202496 2 6
is_linear=0
shrinkage=0.05


Tree=59
num_leaves=31
num_cat=13
split_feature=5 6 5 2 7 4 7 4 6 2 1 4 1 4 5 7 4 7 4 9 7 7 7 3 5 4 2 7 1 7
split_gain=75.002 45.0969 23.0055 3.72646 5.52518 3.95769 5.0252 4.15304 3.485 4.62557 4.10505 4.49331 3.74208 3.31874 3.29256 3.89423 3.27104 3.12185 3.19713 2.9644 5.80734 2.93153 7.26664 2.78939 6.22074 3.6966 2.79535 2.76001 2.73412 3.75921
threshold=0 1 2 3 1.0000000180025095e-35 4.5000000000000009 3.5000000000000004 8.5000000000000018 4 5 6 8.5000000000000018 7 5.5000000000000009 8 2.5000000000000004 6.5000000000000009 19.500000000000004 2.5000000000000004 9 8.5000000000000018 16.500000000000004 17.500000000000004 1.0000000180025095e-35 10 9.5000000000000018 11 1.5000000000000002 12 13.500000000000002
decision_type=9 9 9 1 2 2 2 2 9 1 1 2 1 2 9 2 2 2 2 1 2 2 2 2 9 2 1 2 1 2
left_child=1 14 3 4 -2 -6 -7 -8 23 10 13 -12 -11 17 -1 16 -16 18 -10 -13 -21 -14 -23 -4 25 26 -25 -26 -29 -30
right_child=2 -3 8 -5 5 6 7 -9 9 12 11 19 21 -15 15 -17 -18 -19 -20 20 -22 22 -24 24 27 -27 -28 28 29 -31
leaf_value=0.025076928706242497 -0.035125510222056656 -0.0046647442316665854 0.0016979592346293337 -0.012027468483775963 -0.0099514438971175997 0.023644446863943624 0.0016651342638417618 -0.022106764389677517 -0.021511440888340481 -0.015124977089874498 0.0017892159017637342 -0.034673623157517069 -0.0069347425075289631 -0.027531414404703441 0.01182020679051256 0.016269850875899442 -0.007706806124615953 -0.029965503363023522 0.011852197950030445 0.020444351080578068 -0.020080055200868245 0.026640952245782182 -0.0035732935885336697 0.014839019912931052 -0.016209445614705994 0.019974425256842704 0.00022311524991725483 -0.010944312727388808 0.0020187377940558086 -0.0072570111964718525
leaf_weight=142.99502900615335 14.538246013224123 341.37283305823803 1251.0127912759781 641.27586135268211 135.03656627982855 22.301623784005642 124.81352582573891 21.544335342943668 10.107404157519339 97.752984434366226 658.23023951053619 12.486838921904564 352.06245554983616 24.983599483966827 68.086606949567795 675.16068781167269 31.307961739599705 9.6304405778646451 24.795964419841766 13.162395566701887 26.925283700227737 24.035991653800011 115.6432216912508 24.97893613576889 52.736793279647827 27.405535355210304 525.67604537308216 110.38997156918049 234.70305253565311 204.31694456934929
leaf_count=2403 111 1503 5323 4913 1032 169 951 164 46 489 3026 56 1570 126 918 9371 410 47 128 62 121 110 524 107 215 121 2222 454 967 843
internal_value=2.90689e-05 0.0108327 -0.00284472 -0.00972533 -0.00486118 -0.00357247 0.00153484 -0.00183416 -0.00108686 -0.00309525 -0.000539989 0.000656471 -0.00641225 -0.0113177 0.0165866 0.0147195 0.00566946 -0.0047631 0.00219067 -0.0134006 -0.00677426 -0.00441332 0.00162597 5.27618e-05 -0.00169069 0.00201677 0.00115966 -0.00519703 -0.00423456 -0.00224695
internal_weight=6019.47 1258.92 4760.55 959.51 318.234 303.696 168.659 146.358 3801.04 1369.82 780.322 710.805 589.495 69.5174 917.55 774.555 99.3946 44.5338 34.9034 52.5745 40.0877 491.742 139.679 2431.22 1180.21 578.061 550.655 602.147 549.41 439.02
internal_count=38502 14605 23897 7340 2427 2316 1284 1115 16557 6305 3612 3265 2693 347 13102 10699 1328 221 174 239 183 2204 634 10252 4929 2450 2329 2479 2264 1810
cat_boundaries=0 1 2 3 4 5 6 7 8 9 10 11 12 13
cat_threshold=22028416 8 34277956 34 17 21 8 2 1048704 4 134221832 32 1
is_linear=0
shrinkage=0.05


Tree=60
num_leaves=31
num_cat=18
split_feature=5 6 5 9 5 2 9 5 2 4 4 9 8 2 5 4 4 8 2 5 9 1 8 8 4 8 5 4 1 3
split_gain=71.9725 33.116 25.2988 5.22547 4.82008 4.13118 4.07128 3.55681 3.11434 2.87598 4.38026 8.07766 3.0523 4.13371 3.01869 2.83175 2.73949 4.90304 3.29288 3.22764 3.32422 2.80836 6.01195 3.1994 3.69894 2.86566 3.83364 3.54598 3.52387 5.00643
threshold=0 1 2 3 4 5 6 7 8 9.5000000000000018 6.5000000000000009 9 3.5000000000000004 10 11 1.5000000000000002 1.5000000000000002 3.5000000000000004 12 13 14 15 1.5000000000000002 2.5000000000000004 9.5000000000000018 1.0000000180025095e-35 16 8.5000000000000018 17 1.0000000180025095e-35
decision_type=9 9 9 1 9 1 1 9 1 2 2 1 2 1 9 2 2 2 1 9 1 1 2 2 2 2 9 2 1 2
left_child=1 8 5 -3 -4 6 -2 -8 -1 10 12 14 13 -5 -12 -15 17 -6 21 -19 -21 22 -18 25 -25 26 -23 -28 29 -27
right_child=2 3 4 9 16 -7 7 -9 -10 -11 11 -13 -14 15 -16 -17 18 19 -20 20 -22 23 -24 24 -26 28 27 -29 -30 -31
leaf_value=0.0031948787649152613 0.0036783576218131185 0.022109662036555743 0.0024163468451970059 0.0053514786618577993 0.011048136799126258 -0.012113901727455871 0.0055367717788388331 -0.011560425521957811 -0.0061496676524634046 0.036316169012246276 0.0048535604091567864 0.01712251551456313 0.011069546699348471 -0.00025435024501059198 -0.013517358919759085 0.025862009587572871 0.0089523199935216038 0.0054348028682747185 -0.0035237540667005006 -0.033434180633839877 -0.0052102231903513414 -0.0075905708302576244 -0.011588619529662031 0.0043374022602979522 -0.020615496390700372 -0.0096250969334612871 0.012406909494093624 -0.021415621007045096 -0.013502563296310298 0.0057939036948394008
leaf_weight=157.4484619051218 100.44057579338551 294.61170169338584 1158.5769120007753 66.761972460895777 113.55496141314507 590.11688634753227 34.655387915670872 155.68021473288536 184.45633791387081 14.09434714913368 37.392646867781878 82.554577514529228 180.18256001919508 11.025314461439846 37.784380905330181 177.1555826254189 49.439941272139549 41.325138613581657 1365.0869288295507 15.939492762088776 30.197109222412109 45.940559655427933 127.45021252334118 543.1525135114789 15.269177228212355 97.478061676025391 91.594412133097649 8.4655565768480283 75.361409947276115 114.46231083571911
leaf_count=695 748 4322 4942 967 508 4572 264 1218 811 206 522 1199 2610 157 515 2567 232 180 6072 71 139 201 596 2441 69 420 413 39 356 495
internal_value=0.000782559 0.0114455 -0.00201442 0.0164634 -0.000273863 -0.00961775 -0.0043176 -0.00876393 -0.00187796 0.0139939 0.0134632 0.00632496 0.0160508 0.0195714 -0.00553222 0.0231041 -0.00141824 0.00419495 -0.00186917 -0.00470281 -0.012296 9.29541e-05 -0.00553464 0.00114196 0.0036551 -0.00207052 0.00363346 0.00867807 -0.00496917 -0.00123931
internal_weight=6017.66 1243.47 4774.19 901.563 3893.29 880.893 290.776 190.336 341.905 606.951 592.857 157.732 435.125 254.943 75.177 188.181 2734.72 201.017 2533.7 87.4617 46.1366 1168.61 176.89 991.724 558.422 433.302 146.001 100.06 287.302 211.94
internal_count=38547 14571 23976 13065 17174 6802 2230 1482 1506 8743 8537 2236 6301 3691 1037 2724 12232 898 11334 390 210 5262 828 4434 2510 1924 653 452 1271 915
cat_boundaries=0 1 2 3 4 5 6 7 8 9 10 11 12 13 14 15 16 17 18
cat_threshold=22028416 16 34275908 2 134238208 34 2 65600 52 4 36 17825920 13 33032 1 2 32777 12
is_linear=0
shrinkage=0.05


Tree=61
num_leaves=31
num_cat=11
split_feature=5 6 5 5 9 5 0 2 0 8 0 2 0 0 0 0 0 0 0 0 1 3 0 0 0 0 9 5 0 8
split_gain=65.6309 30.5743 23.0728 5.21449 4.39704 4.36156 3.89161 5.24026 4.69196 3.94413 4.09955 3.79841 4.21899 4.40567 4.06926 3.70841 3.53412 4.40755 5.30404 6.01163 3.36186 5.31351 4.20972 5.6653 4.65148 4.14298 3.21759 4.15019 3.86805 10.8718
threshold=0 1 2 3 4 5 303061.00000000006 6 31880.500000000004 5.5000000000000009 457319.50000000006 7 16555.500000000004 17639.000000000004 1286354.0000000002 665728.00000000012 60125.000000000007 113728.50000000001 93547.000000000015 101967.00000000001 8 1.0000000180025095e-35 826995.50000000012 626210.00000000012 360968.50000000006 513744.50000000006 9 10 71002.000000000015 3.5000000000000004
decision_type=9 9 9 9 1 9 2 1 2 2 2 1 2 2 2 2 2 2 2 2 1 2 2 2 2 2 1 9 2 2
left_child=1 -1 11 4 16 6 8 20 -4 -9 -11 14 -13 -14 26 -12 -3 18 -18 -20 21 -8 23 24 -22 -23 28 -28 29 -2
right_child=2 3 5 -5 -6 -7 7 9 -10 10 15 12 13 -15 -16 -17 17 -19 19 -21 22 25 -24 -25 -26 -27 27 -29 -30 -31
leaf_value=-0.0017871975683029521 -0.0075636232780344568 0.050756458375888359 -0.005879103171155301 0.011171916911652507 0.017111256604644277 -0.001350394843606817 -0.0018116482668976927 -0.013045821350309747 0.0053342475012764339 -0.012244804936758539 0.061318696248579642 -0.043808147355549575 0.061502963968298019 -0.011515157639175861 -0.059006635205025484 0.0062905343388452196 0.02493897710846401 0.031401807992330617 -0.052923650177875398 0.0122070785944964 -0.051575386660164549 0.010172663159029142 0.022749997065576871 -0.069907531953166374 0.0040435359514914377 0.039812821424202796 0.0076438753322565769 -0.010624015166019019 -0.00042718730394267538 0.08133963636448438
leaf_weight=342.08032113313675 8.6990579068660718 14.876203805208204 106.19618311524391 438.2154197357595 304.27132155373693 2735.1063684597611 50.826567515730858 125.15294808149338 767.44931757450104 11.885363534092905 5.151384159922598 10.126529872417448 2.0732857361435881 572.95935943722725 3.3558275774121276 7.5473328679800034 27.578472666442394 88.71549279242754 5.6161306090652934 9.597381401807068 4.9112246334552827 32.088092625141144 7.3796830028295508 4.6701067686080924 16.024513572454453 18.636644691228867 33.219690687954426 152.78497771173716 86.158216081559658 5.6868583336472502
leaf_count=1506 66 216 441 6429 4444 12232 222 541 3274 51 22 81 16 4475 26 33 414 1331 85 146 21 136 33 20 68 80 252 1205 638 43
internal_value=0.000743299 0.0109861 -0.00192005 0.0158671 0.0200911 -0.000262162 0.00229789 -0.0027638 0.00397121 -0.00885771 0.00886016 -0.00920944 -0.0116168 -0.0112519 -0.00412503 0.0286134 0.0276574 0.0250445 0.0118646 -0.0118362 0.00435341 0.0087522 -0.00807459 -0.0201117 -0.00900387 0.0210627 -0.00362626 -0.00752166 0.00358017 0.0275805
internal_weight=5999.04 1230.95 4768.09 888.87 450.655 3893.03 1157.92 284.274 873.646 149.737 24.5841 875.064 585.159 575.033 289.905 12.6987 146.384 131.507 42.792 15.2135 134.537 101.551 32.9855 25.6058 20.9357 50.7247 286.549 186.005 100.544 14.3859
internal_count=38547 14571 23976 13065 6636 17174 4942 1227 3715 647 106 6802 4572 4491 2230 55 2192 1976 645 231 580 438 142 109 89 216 2204 1457 747 109
cat_boundaries=0 1 2 3 4 5 6 7 8 9 10 11
cat_threshold=22028416 16 34275908 17825920 2 134238208 18 34 5 2 65600
is_linear=0
shrinkage=0.05


Tree=62
num_leaves=31
num_cat=9
split_feature=5 6 5 5 1 7 8 7 9 5 1 0 3 0 3 0 0 0 0 0 7 0 7 9 0 0 7 0 0 7
split_gain=59.8504 28.2213 21.0156 4.91602 4.56074 7.76962 7.2795 4.59458 4.20792 3.93936 3.56304 7.13198 5.05897 4.81272 3.80333 3.51262 4.23821 3.48972 4.21959 4.8878 7.01714 7.25927 6.0651 3.35368 5.77681 4.01405 3.43156 3.42887 4.48579 3.94878
threshold=0 1 2 3 4 3.5000000000000004 4.5000000000000009 16.500000000000004 5 6 7 139077.50000000003 1.0000000180025095e-35 248003.50000000003 1.0000000180025095e-35 303061.00000000006 31880.500000000004 60125.000000000007 113728.50000000001 93547.000000000015 6.5000000000000009 101967.00000000001 19.500000000000004 8 117802.00000000001 109628.00000000001 5.5000000000000009 100652.50000000001 63756.000000000007 18.500000000000004
decision_type=9 9 9 9 1 2 2 2 1 9 1 2 2 2 2 2 2 2 2 2 2 2 2 1 2 2 2 2 2 2
left_child=1 4 10 8 -1 -6 7 -7 17 15 11 -2 13 -13 23 16 -4 -3 19 -19 21 -21 -22 26 25 27 -12 28 29 -25
right_child=2 3 9 -5 5 6 -8 -9 -10 -11 14 12 -14 -15 -16 -17 -18 18 -20 20 22 -23 -24 24 -26 -27 -28 -29 -30 -31
leaf_value=0.0013165559352719038 -0.0075756605358459966 0.050404821436785423 -0.0055792962305905641 0.010727870940421042 0.020982510439247475 -0.04793365422188104 0.0046475491229680506 -0.012522067913837285 0.016500237458838156 -0.0012827856787080445 -0.037221504470526516 0.022075764507308374 0.0098650940759796839 0.10959547732769469 -0.0070552382547878619 -0.0026212757390044502 0.0050741024554655572 0.024216436280263542 0.030665923813558274 -0.14330402032081954 0.030316501991370856 -0.0094698576821995381 -0.055127494022530324 -0.034053700866622551 -0.015095297157935143 0.042986655834142976 -0.016164367323184343 -0.035252753996447964 0.016300418105514074 0.034138057660233229
leaf_weight=273.30436953902245 38.803630329668522 14.246919211000202 106.30470044910908 434.05853809788823 12.847371980547903 23.687679812312126 17.480990886688232 14.935538500547407 299.87601731345057 2735.8056242316961 26.006735250353813 3.0622497424483308 10.123360171914101 3.225134864449501 495.63712881505489 284.46589182317257 766.4814101755619 26.996291395276785 86.362614590674639 1.7715974152088154 8.4839387536048871 2.3668549582362175 2.7501382306218138 10.11736638098955 165.53783430159092 5.8747427240014067 75.564396195113659 6.2736336737871161 26.485985353589058 2.6867075189948073
leaf_count=1204 299 216 441 6429 58 104 76 64 4444 12232 212 23 77 22 3870 1227 3274 414 1331 25 129 36 41 80 1294 45 609 48 202 21
internal_value=0.000709339 0.0105459 -0.00182709 0.0152906 -0.00169951 -0.0123069 -0.0221234 -0.03424 0.019427 -0.000248996 -0.00881043 0.00348031 0.0317432 0.0669693 -0.00967605 0.00218499 0.00377653 0.0269241 0.0243254 0.0114013 -0.0111039 -0.0667619 0.00939954 -0.0140576 -0.0105475 0.0040882 -0.0215559 -0.000927164 0.00455377 -0.0197449
internal_weight=5981.63 1219.17 4762.46 876.913 342.256 68.9516 56.1042 38.6232 442.854 3893.06 869.399 55.2144 16.4107 6.28738 814.185 1157.25 872.786 142.978 128.731 42.3688 15.3725 4.13845 11.2341 318.547 216.976 51.4384 101.571 45.5637 39.2901 12.8041
internal_count=38547 14571 23976 13065 1506 302 244 168 6636 17174 6802 421 122 45 6381 4942 3715 2192 1976 645 231 61 170 2511 1690 396 821 351 303 101
cat_boundaries=0 1 2 3 4 5 6 7 8 9
cat_threshold=22028416 16 34275908 17825920 5 2 134238208 8 1
is_linear=0
shrinkage=0.05


Tree=63
num_leaves=31
num_cat=7
split_feature=5 6 5 5 9 5 0 0 0 7 0 7 4 1 0 4 7 0 0 7 4 0 0 7 8 7 8 4 0 4
split_gain=54.5826 26.0138 19.1315 4.62998 4.02506 3.55673 3.44219 4.0273 4.48941 5.94623 5.40576 5.4013 7.59397 3.24294 6.30601 6.64192 3.77856 3.277 3.47891 4.58722 3.86149 3.17293 3.82824 3.16754 3.12646 2.98717 3.86334 3.38252 2.92304 2.85893
threshold=0 1 2 3 4 5 60125.000000000007 113728.50000000001 93547.000000000015 6.5000000000000009 101967.00000000001 19.500000000000004 6.5000000000000009 6 139077.50000000003 6.5000000000000009 15.500000000000002 57733.000000000007 60125.000000000007 17.500000000000004 5.5000000000000009 303061.00000000006 31880.500000000004 2.5000000000000004 3.5000000000000004 19.500000000000004 2.5000000000000004 1.5000000000000002 311230.50000000006 9.5000000000000018
decision_type=9 9 9 9 1 9 2 2 2 2 2 2 2 1 2 2 2 2 2 2 2 2 2 2 2 2 2 2 2 2
left_child=1 -1 13 4 6 21 -3 8 -8 10 -10 12 -11 14 23 16 -16 29 19 20 -19 22 25 -2 -25 27 -27 -4 -23 -15
right_child=2 3 5 -5 -6 -7 7 -9 9 11 -12 -13 -14 17 15 -17 -18 18 -20 -21 -22 28 -24 24 -26 26 -28 -29 -30 -31
leaf_value=-0.0016108108197548784 0.032938373096439461 0.050057780057856952 0.029902292532388294 0.010297817555004592 0.015903175359451724 -0.001218578181597702 0.023501818948047332 0.029931782459491803 -0.12043085226468782 0.053724542196012443 -0.0089219353107229497 -0.049912025125664804 -0.065541844471771096 -0.016605458281173852 0.067103435232007638 -0.018964051944751179 0.0032119625041570907 -0.04151035451494399 -0.0081188102200686462 0.08039133451108274 0.034946036753283997 -0.033393714462711013 0.0048264000755249871 -0.00059999864643266534 -0.031778623213708571 0.0078393134238392975 -0.04143467990739217 -0.0046009203711135033 -0.0016578386895265305 0.015061351123186975
leaf_weight=342.38966256380081 4.3531529083847991 13.643681529909371 7.7848819196224204 430.09715491905808 295.68658455088735 2736.4681809395552 26.440661054104567 84.114590726792812 1.9960945546627034 6.5927008278667909 2.3860897868871689 2.8820153027772895 1.6734499260783193 173.38718535751104 8.6186978444457072 4.9719949737191191 3.1634706407785407 2.9556434676051122 618.56940560787916 2.5162003487348557 3.7426628917455673 7.4506222158670417 765.55248591303825 21.349378906190395 12.897967137396334 6.1202951967716244 11.364872545003889 81.136114969849586 277.20664422214031 7.4330161064863196
leaf_count=1506 34 216 33 6429 4444 12232 414 1331 25 104 36 41 25 1409 61 38 23 24 4840 20 30 32 3274 164 101 25 47 336 1195 58
internal_value=0.00067731 0.0101222 -0.00173854 0.014729 0.0187766 -0.000236666 0.0262011 0.0236195 0.0109691 -0.010368 -0.0597145 0.00902943 0.0295795 -0.008426 0.0032884 0.0294981 0.0499488 -0.00925831 -0.00766452 0.0228316 0.00120947 0.002077 0.00359126 -0.00723575 -0.0123422 -0.00529514 -0.0241874 -0.00158022 -0.00248849 -0.0153037
internal_weight=5964.95 1207.9 4757.04 865.513 435.416 3893.08 139.729 126.086 41.971 15.5304 4.38218 11.1482 8.26615 863.959 55.3547 16.7542 11.7822 808.604 627.784 9.21451 6.69831 1156.62 871.959 38.6005 34.2473 106.406 17.4852 88.921 284.657 180.82
internal_count=38547 14571 23976 13065 6636 17174 2192 1976 645 231 61 170 129 6802 421 122 84 6381 4914 74 54 4942 3715 299 265 441 72 369 1227 1467
cat_boundaries=0 1 2 3 4 5 6 7
cat_threshold=22028416 16 34275908 17825920 2 134238208 8
is_linear=0
shrinkage=0.05


Tree=64
num_leaves=31
num_cat=8
split_feature=5 6 5 9 2 0 0 0 5 0 0 2 4 8 0 0 0 0 4 4 0 0 0 2 4 8 3 8 0 0
split_gain=49.749 23.9816 17.4093 4.47807 3.61193 3.9881 3.98195 3.89994 3.21156 2.95937 2.86604 4.72392 3.92291 5.24377 6.77359 3.6665 3.65218 3.45718 2.83823 4.24394 8.08487 4.94409 3.34068 3.07523 5.14976 3.81173 3.66501 4.26136 3.66411 3.78748
threshold=0 1 2 3 4 16555.500000000004 17639.000000000004 1286354.0000000002 5 56148.500000000007 303061.00000000006 6 3.5000000000000004 4.5000000000000009 494759.00000000006 494759.00000000006 406824.00000000006 31880.500000000004 9.5000000000000018 6.5000000000000009 110894.50000000001 51361.000000000007 318982.00000000006 7 5.5000000000000009 4.5000000000000009 1.0000000180025095e-35 1.0000000180025095e-35 18684.500000000004 23181.500000000004
decision_type=9 9 9 1 1 2 2 2 9 2 2 1 2 2 2 2 2 2 2 2 2 2 2 1 2 2 2 2 2 2
left_child=1 -1 4 9 7 -6 -7 -2 10 -3 17 -12 13 14 16 -15 -13 -4 19 21 -21 23 -22 25 26 -5 27 -25 -26 -30
right_child=2 3 8 18 5 6 -8 -9 -10 -11 11 12 -14 15 -16 -17 -18 -19 -20 20 22 -23 -24 24 28 -27 -28 -29 29 -31
leaf_value=-0.0015318531681880526 -0.0026391780484966666 0.036621300515788872 -0.0050256907618115949 -0.014778616364599335 -0.042483297468423775 0.058289114908811092 -0.010299610458492292 -0.058338556603330739 -0.0011575995317841469 0.018018651610316815 0.0043760708343117231 -0.0032268818434482423 -0.01496243919810001 -0.0013288373892993445 -0.030293581951174976 0.045163071905085658 0.041591353612455077 0.0045905630428513559 0.034786328581462883 0.016806654175425578 -0.016508869722174753 0.01723163302212748 0.0036019841628133959 -0.033719513495846808 0.054199839463426248 0.018783678898887941 0.040852416806160897 0.018141574873148728 -0.081125830401593865 -0.0098550488856369491
leaf_weight=342.54719713330269 282.39538184553385 23.360184527933598 106.48034600913525 33.397882673889399 9.6349140331149083 2.1240780502557746 561.43853122740984 3.1780297234654418 2737.096048809588 252.09450571611524 134.54279847443104 14.067336842417719 93.715559661388397 7.5662957727909115 18.578594863414764 9.6482685357332212 6.7154369056224814 764.66150934994221 13.183162510395048 68.867769446223974 41.049342919141054 303.80462327972054 41.552549585700035 4.5513326153159133 1.8228182941675175 11.329588066786526 15.133443128317593 30.538721088320017 2.2162501923739901 11.731259912252424
leaf_count=1506 2204 365 441 484 81 16 4475 26 12232 3957 580 61 399 33 82 43 29 3274 206 1052 589 4705 595 65 26 164 220 436 31 170
internal_value=0.000646438 0.0097105 -0.00165412 0.0141822 -0.00805598 -0.0104049 -0.0100411 -0.00314877 -0.000224911 0.0195963 0.00197448 -0.00236241 -0.00814406 0.00171079 -0.00835595 0.0247285 0.011255 0.00341516 0.0118521 0.0113179 0.00415549 0.0139351 -0.00639219 0.0048899 0.010819 -0.00513021 0.0202851 0.011415 -0.0124671 -0.0211799
internal_weight=5949.02 1197.18 4751.84 854.633 858.771 573.198 563.563 285.573 3893.07 275.455 1155.98 284.834 150.291 56.5759 39.3614 17.2146 20.7828 871.142 579.179 565.996 151.47 414.526 82.6019 110.721 65.9938 44.7275 50.2235 35.0901 15.7703 13.9475
internal_count=38547 14571 23976 13065 6802 4572 4491 2230 17174 4322 4942 1227 647 248 172 76 90 3715 8743 8537 2236 6301 1184 1596 948 648 721 501 227 201
cat_boundaries=0 1 2 3 4 5 6 7 8
cat_threshold=22028416 16 34275908 2 34 134238208 18 20
is_linear=0
shrinkage=0.05


Tree=65
num_leaves=31
num_cat=9
split_feature=6 6 7 4 2 8 8 8 7 7 9 7 7 7 4 7 9 4 8 1 8 4 7 2 8 2 4 7 7 2
split_gain=33.2458 7.52376 4.83176 4.31467 4.48349 7.31694 5.00833 3.47236 4.28443 3.96798 5.00106 2.74735 6.50685 4.45379 2.66596 2.45327 2.64296 2.99773 2.80436 2.30715 4.68478 6.02046 5.412 4.51975 6.3986 4.41396 3.88692 5.03597 3.86977 3.84461
threshold=0 1 21.500000000000004 2.5000000000000004 2 1.5000000000000002 1.0000000180025095e-35 4.5000000000000009 13.500000000000002 10.500000000000002 3 11.500000000000002 14.500000000000002 3.5000000000000004 1.5000000000000002 1.5000000000000002 4 7.5000000000000009 5.5000000000000009 5 1.0000000180025095e-35 3.5000000000000004 3.5000000000000004 6 4.5000000000000009 7 4.5000000000000009 1.5000000000000002 15.500000000000002 8
decision_type=9 9 2 2 1 2 2 2 2 2 1 2 2 2 2 2 1 2 2 1 2 2 2 1 2 1 2 2 2 1
left_child=2 19 -1 4 5 6 -3 -7 9 10 -9 13 -13 -8 -10 16 17 18 -5 26 22 23 -21 24 -22 -23 -2 -28 -25 -24
right_child=1 3 -4 15 -6 7 11 8 14 -11 -12 12 -14 -15 -16 -17 -18 -19 -20 20 21 25 29 28 -26 -27 27 -29 -30 -31
leaf_value=-0.0072368783228865703 0.011984431570766287 -0.00274498855491471 -0.019963103308670429 0.0034620260536073924 0.007025791862916464 0.0097169924108872745 -0.0090926203248303857 0.034088491595404939 0.0017462261591914851 0.037920102288943131 -0.017643575031218117 0.03021779830153919 -0.039713656419195477 -0.06791051188493559 -0.034606416857407341 -0.00050093240767246582 -0.010473899778812634 0.032577748078065828 -0.028098506180255375 -0.020232785897343813 -0.0039718866944135987 0.0027478322584737458 0.0071232081233937976 -0.0023890037949490031 -0.044778041920700007 0.0095423616098632268 0.024632335203006721 0.00072447237310703841 0.0082749708518936559 -0.0062238636548753844
leaf_weight=934.42789316922426 223.33616627752781 30.451191082596779 81.053581029176712 41.37846465408802 370.95406538248062 92.223984330892563 4.930144831538203 6.3374110609292993 7.505760833621026 7.3489574491977683 17.775225475430496 4.9405705183744422 10.180646389722822 9.2702814042568189 15.373027369379997 2022.1061339229345 128.75997456908226 7.2140158861875525 8.4812711328268033 40.064513836055994 27.934124823659658 506.26298820972443 90.141152355819941 263.82376177981496 14.642214652150868 495.95636786520481 24.316550113260746 233.86225228384137 125.55969863384962 106.9817516580224
leaf_count=7340 1964 130 639 176 1600 398 21 27 32 32 76 21 43 39 65 8550 538 31 36 339 233 4473 803 2198 110 4489 210 2135 1068 955
internal_value=2.15274e-05 0.00171956 -0.00817218 8.96096e-08 0.00384875 -0.0021016 -0.0169472 0.00380944 -0.00621658 0.00575583 -0.00404708 -0.0316966 -0.0168649 -0.0474899 -0.0226803 -0.00100619 -0.00650399 0.00245224 -0.0019065 0.0039338 0.00301147 0.00410601 -0.00347982 -0.000828489 -0.0145807 0.00623279 0.00700886 0.00297623 0.00102339 -7.48376e-05
internal_weight=5953.59 4938.11 1015.48 2785.23 577.291 206.337 59.7728 146.564 54.3404 31.4616 24.1126 29.3216 15.1212 14.2004 22.8788 2207.94 185.834 57.0738 49.8597 2152.88 1671.37 1434.18 237.187 431.96 42.5763 1002.22 481.515 258.179 389.383 197.123
internal_count=38771 30792 7979 11815 2484 884 254 630 232 135 103 124 64 60 97 9331 781 243 212 18977 14668 12571 2097 3609 343 8962 4309 2345 3266 1758
cat_boundaries=0 1 2 3 4 5 6 7 8 9
cat_threshold=2 8 17 1 4 1 8 6 13
is_linear=0
shrinkage=0.05


Tree=66
num_leaves=31
num_cat=5
split_feature=6 6 4 2 8 0 0 0 9 8 0 0 0 8 0 0 0 2 0 0 8 0 0 0 8 0 0 8 0 8
split_gain=30.1771 6.81924 3.90973 4.06074 6.58203 4.79027 9.28532 5.26364 4.48989 4.47315 4.10874 3.29301 2.84917 5.73881 4.61852 4.78403 2.72571 3.81238 3.99287 3.20833 3.9823 2.69899 4.20425 2.63112 3.96795 2.43301 2.73564 5.82519 2.80453 2.36732
threshold=0 1 2.5000000000000004 2 1.5000000000000002 222502.50000000003 596011.50000000012 912656.00000000012 3 1.0000000180025095e-35 177045.50000000003 71002.000000000015 19691.000000000004 5.5000000000000009 21469.500000000004 20607.500000000004 759089.00000000012 4 1720446.5000000002 646099.00000000012 1.0000000180025095e-35 63756.000000000007 199524.50000000003 687367.50000000012 3.5000000000000004 535905.00000000012 558903.50000000012 3.5000000000000004 546473.00000000012 5.5000000000000009
decision_type=9 9 2 1 2 2 2 2 1 2 2 2 2 2 2 2 2 1 2 2 2 2 2 2 2 2 2 2 2 2
left_child=-1 -2 3 4 9 10 8 -8 -7 -3 11 -6 13 -4 15 -14 19 18 -18 25 -21 -11 -23 24 -22 -16 27 28 -27 -28
right_child=1 2 12 -5 5 6 7 -9 -10 21 -12 -13 14 -15 16 -17 17 -19 -20 20 23 22 -24 -25 -26 26 29 -29 -30 -31
leaf_value=-0.0078095041576009931 0.0037489651809205272 -0.0026059916294572712 0.0039555226940361891 0.0066958312679887156 0.015869773077708867 -0.047175529961892428 0.061809328854103951 -0.0084633273669853081 -0.0095974798038125936 -0.05526023100802379 0.038681847197710117 -0.003624303756751459 -0.00087696072236899793 0.050103999859130201 -0.0014942573243244646 -0.050734057642213184 0.0023821927813522156 0.015375746316191253 -0.034369974123526395 -0.057169303457417026 -0.049690956424156496 0.0020011915033433707 -0.042001492587480843 0.00097924820166709367 0.0064541381252154308 -0.02510395310043885 0.0062469125217902242 0.055523146653520983 0.027559020060634182 -0.02770428719866256
leaf_weight=1009.6318789422512 2148.3456450738013 30.471080422401428 58.691274285316467 370.28278264403343 44.314506039023399 11.379638701677322 6.1835288107395154 4.6826860755681992 26.366275832056999 7.7483785450458553 11.074556082487105 42.382472887635231 9.6816619634628296 7.6102124303579322 1913.8473280519247 9.565008670091629 47.620413839817047 48.639262154698372 8.7478281259536725 5.003213718533515 7.8776152431964857 10.433059692382814 11.316351801156996 22.21059550344944 5.2402362823486328 5.4784323573112506 39.162066385149956 8.3648621439933759 4.6942863762378693 5.909073442220687
leaf_count=7979 18977 130 243 1600 190 49 27 21 114 32 48 181 40 32 8075 40 206 214 41 21 33 44 48 94 22 23 166 36 20 25
internal_value=2.24447e-05 0.00163781 1.66169e-06 0.00366786 -0.00199347 0.00362552 -0.00920185 0.031526 -0.0209265 -0.0160418 0.0100033 0.00633995 -0.000955636 0.00925253 -0.0012716 -0.0256544 -0.00105053 0.00680333 -0.00282095 -0.00145926 -0.0154198 -0.029921 -0.0208937 -0.00950722 -0.0272625 -0.00117452 0.00844567 0.024614 -0.000802182 0.00179572
internal_weight=5942.96 4933.32 2784.98 576.635 206.353 146.384 48.6121 10.8662 37.7459 59.9689 97.7715 86.697 2208.34 66.3015 2142.04 19.2467 2122.8 105.008 56.3682 2017.79 40.3317 29.4978 21.7494 35.3284 13.1179 1977.46 63.6087 18.5376 10.1727 45.0711
internal_count=38771 30792 11815 2484 884 630 211 48 163 254 419 371 9331 275 9056 80 8976 461 247 8515 170 124 92 149 55 8345 270 79 43 191
cat_boundaries=0 1 2 3 4 5
cat_threshold=2 8 17 2 28
is_linear=0
shrinkage=0.05


Tree=67
num_leaves=31
num_cat=5
split_feature=5 5 5 7 0 5 8 4 0 9 0 0 7 7 7 0 0 0 0 0 0 0 0 0 4 7 7 0 4 0
split_gain=45.0339 19.1007 12.4506 5.31506 3.39495 3.32217 5.10138 4.34971 7.28957 6.61193 4.22598 6.31982 6.46961 4.46309 4.06803 3.70658 3.63163 3.49166 8.84839 3.49026 3.47253 8.06755 6.38968 5.18926 4.8675 4.49168 4.02415 3.797 8.1453 5.93301
threshold=0 1 2 2.5000000000000004 791219.50000000012 3 1.5000000000000002 2.5000000000000004 513744.50000000006 4 29808.000000000004 24627.000000000004 16.500000000000004 15.500000000000002 19.500000000000004 33194.500000000007 609958.00000000012 209387.00000000003 295522.00000000006 109628.00000000001 101967.00000000001 192243.50000000003 224879.50000000003 209387.00000000003 6.5000000000000009 13.500000000000002 11.500000000000002 68168.000000000015 4.5000000000000009 73122.000000000015
decision_type=9 9 9 2 2 9 2 2 2 1 2 2 2 2 2 2 2 2 2 2 2 2 2 2 2 2 2 2 2 2
left_child=1 -1 -2 4 -3 6 10 8 9 -7 11 13 -13 -5 -15 -12 -10 19 -19 -11 26 -22 23 -23 25 -25 -17 -28 -29 -30
right_child=2 3 -4 5 -6 7 -8 -9 16 17 15 12 -14 14 -16 20 -18 18 -20 -21 21 22 -24 24 -26 -27 27 28 29 -31
leaf_value=0.024101576165168621 -0.0015080945847932702 -0.0033413515225520826 -0.0081451938739936867 0.027156575823516178 0.026644291524610689 0.033414776990386322 0.010271714866198921 0.0010541010862173763 -0.053883827333833206 0.0064310732045201159 0.043503898380065138 -0.084648352025715995 0.016108804652377861 -0.073396978092391527 0.016989301084300048 0.0072937244195456982 -0.0046743900785792625 -0.048912245630264584 0.027816232052602186 0.030975114467337691 0.023313304905293573 -0.006059075757600136 0.0042442188245838397 0.011193375916789551 -0.13472658526768738 -0.091424779805730105 -0.0032165897674260677 0.0017046402959673751 -0.14404172675319718 -0.044896845915687045
leaf_weight=129.38427662476897 3024.107909463346 232.11341156065464 918.40746978670359 7.320840463042261 9.8396038189530355 34.942483380436897 651.36608098074794 548.79904355108738 5.2924331277608898 62.298605218529701 5.762935258448123 5.4902763292193404 2.2445040084421635 2.8495052084326744 2.2105884552001953 36.196540642529726 12.858317196369169 8.2598684877157194 6.893136039376258 18.872436746954918 52.537962399423122 8.4857909567654115 92.434711959213018 2.2565203607082358 1.8305573835968969 2.0217661336064339 28.57084221765399 9.3270123600959796 1.8516445904970158 8.1531384252011758
leaf_count=2426 13266 1893 7359 81 82 153 7606 2330 23 269 68 63 26 26 24 434 57 36 30 82 622 89 1096 33 24 29 338 99 17 90
internal_value=2.30428e-05 0.00613582 -0.0030709 0.00476469 -0.00212191 0.00582321 0.00779318 0.00306934 0.0106766 0.0147833 0.00209282 -0.0199529 -0.0554103 0.00219856 -0.0339102 0.00387074 -0.019023 0.00802453 -0.0140083 0.0121376 0.00293338 0.00726668 -0.000610198 -0.0313555 -0.0664948 -0.0373003 -0.0052885 -0.014796 -0.0319094 -0.0632462
internal_weight=5932.98 1990.46 3942.52 1861.08 241.953 1619.13 920.911 698.216 149.417 131.267 269.545 20.1157 7.73478 12.3809 5.06009 249.429 18.1508 96.324 15.153 81.171 243.666 159.567 107.029 14.5946 6.10884 4.27829 84.0992 47.9026 19.3318 10.0048
internal_count=38771 18146 20625 15720 1975 13745 10765 2980 650 570 3159 220 89 131 50 2939 80 417 66 351 2871 1893 1271 175 86 62 978 544 206 107
cat_boundaries=0 1 2 3 4 5
cat_threshold=22048896 1048704 201622793 20979712 4
is_linear=0
shrinkage=0.05


Tree=68
num_leaves=31
num_cat=5
split_feature=5 5 5 0 9 0 4 4 7 0 0 0 0 7 7 7 0 0 0 2 0 0 7 0 4 7 0 4 0 0
split_gain=40.989 15.7677 13.4303 6.47292 5.06235 9.00599 5.47933 4.22776 4.85562 3.643 4.76388 19.8917 4.44603 4.38067 4.3128 3.92073 3.8926 3.79915 3.61554 5.57669 5.51526 4.49261 4.25432 3.44664 4.0627 3.39008 4.14031 8.62447 4.32229 3.91775
threshold=0 1 2 1087860.0000000002 3 62866.500000000007 6.5000000000000009 9.5000000000000018 2.5000000000000004 217081.50000000003 646099.00000000012 687367.50000000012 494759.00000000006 1.5000000000000002 12.500000000000002 9.5000000000000018 274177.50000000006 912656.00000000012 31880.500000000004 4 26110.500000000004 25376.500000000004 1.5000000000000002 112439.50000000001 3.5000000000000004 2.5000000000000004 207120.00000000003 5.5000000000000009 327913.50000000006 175344.00000000003
decision_type=9 9 9 2 1 2 2 2 2 2 2 2 2 2 2 2 2 2 2 1 2 2 2 2 2 2 2 2 2 2
left_child=1 -1 -2 4 5 -3 23 18 -9 -8 12 -12 13 -11 15 -13 -15 -16 19 20 -6 22 -21 24 -7 26 29 -28 -29 -20
right_child=2 3 -4 -5 7 6 9 8 -10 10 11 14 -14 16 17 -17 -18 -19 25 21 -22 -23 -24 -25 -26 -27 27 28 -30 -31
leaf_value=0.023455640992272871 -0.00099624035597063992 -0.10413894283565235 -0.0077877012742657752 0.028083936391136811 0.0097896753683677715 -0.0011791434801497131 -0.024253535223067512 -0.023516469258479875 0.036831263085791287 0.04792258202665018 -0.15849929146316519 -0.00310990800919724 0.025562515534055186 0.017818441181024131 0.061244520095393211 -0.08266412803600473 -0.01743356286683076 -0.020415548886189183 0.00088619132130108983 0.041611513824694607 0.067892284334570618 -0.019972431012667727 -0.0027904386759009395 0.0031840979349917024 0.055057733696749281 0.0090033964412193097 0.0033606416984390134 -0.094098710410275774 -0.0084396935081169425 0.042530337758037703
leaf_weight=126.64591831341386 3490.3240338712931 2.0462627187371245 913.13537799566984 30.954933308064938 13.141256645321848 5.8861245401203615 28.144316855818033 3.9580901488661793 21.113094262778759 3.6225981041789046 2.4633430466055861 4.549160569906233 15.957505729049442 10.188022475689648 3.5016468912363052 2.3481792584061623 33.846968565136194 2.4009012132883072 73.833056066185236 5.9593681916594496 5.9260894171893588 40.268135160207748 56.932548977434635 312.4372681081295 7.0677962973713875 678.98412017151713 12.117396466434004 4.6510596871376029 2.1550304293632507 6.1154410243034354
leaf_count=2426 15227 20 7359 316 122 53 274 36 226 38 23 46 150 109 39 22 333 24 696 55 56 389 537 3109 66 6778 121 42 24 55
internal_value=2.41848e-05 0.00708443 -0.00241902 0.0054366 0.00496097 0.000508809 0.00100402 0.00705174 0.0273039 -0.00881005 -0.0032997 -0.0283855 0.00271916 -0.00492963 -0.00334508 -0.0301939 -0.00927759 0.0280287 0.00648763 -0.00150667 0.0182674 -0.00631973 0.0014169 0.00423191 0.0295043 0.0077438 -0.000906246 -0.021937 -0.0669763 0.00407165
internal_weight=5920.68 1517.22 4403.46 1390.57 1359.61 434.46 432.414 925.155 25.0712 107.023 78.8783 15.2632 63.6151 47.6576 12.7999 6.89734 44.035 5.90255 900.084 122.227 19.0673 103.16 62.8919 325.391 12.9539 777.856 98.872 18.9235 6.80609 79.9485
internal_count=38771 16185 22586 13759 13443 4306 4286 9137 262 1058 784 154 630 480 131 68 442 63 8875 1159 178 981 592 3228 119 7716 938 187 66 751
cat_boundaries=0 1 2 3 4 5
cat_threshold=22032512 1048704 201639177 4 40
is_linear=0
shrinkage=0.05


Tree=69
num_leaves=31
num_cat=6
split_feature=5 6 5 5 8 7 0 0 4 0 0 7 0 7 0 0 9 8 7 9 0 0 8 0 4 7 8 0 7 0
split_gain=37.5281 26.0717 10.4197 6.75912 5.88071 5.38027 3.98349 7.45497 3.78577 5.70956 6.67492 3.7173 4.26479 3.86362 3.78512 3.70334 3.38193 3.83673 2.89645 2.89516 3.20684 4.34934 6.60616 3.97361 4.00437 4.43741 3.74529 9.02361 3.66161 3.39775
threshold=0 1 2 3 1.0000000180025095e-35 22.500000000000004 62866.500000000007 58638.000000000007 2.5000000000000004 20607.500000000004 21469.500000000004 5.5000000000000009 513744.50000000006 6.5000000000000009 609958.00000000012 37515.000000000007 4 4.5000000000000009 13.500000000000002 5 207120.00000000003 224879.50000000003 1.5000000000000002 134593.00000000003 6.5000000000000009 21.500000000000004 1.5000000000000002 72015.000000000015 8.5000000000000018 69984.000000000015
decision_type=9 9 9 9 2 2 2 2 2 2 2 2 2 2 2 2 1 2 2 1 2 2 2 2 2 2 2 2 2 2
left_child=1 8 -2 4 5 6 7 -3 11 -10 -11 16 13 -13 -14 -15 17 -1 -16 20 23 22 -22 24 25 -5 27 -26 -24 -28
right_child=2 3 -4 19 -6 -7 -8 -9 9 10 -12 12 14 15 18 -17 -18 -19 -20 -21 21 -23 28 -25 26 -27 29 -29 -30 -31
leaf_value=-0.0081733661654850749 -0.0077406894485778288 -0.0038209584324702481 -0.0014512523698003363 0.024103237808318537 0.019776248264782203 -0.061923533574249325 0.014971619204522463 -0.12354255706952265 0.020429555290493364 -0.060362756986881289 -0.0011497286969396154 0.049158135726683157 -0.046398300014573922 -0.0082791875514501827 0.027648675183652827 0.015021729724713787 0.0040584235700188388 -0.059547602291532054 -0.018707569263246623 0.0046130977726698014 -0.10621932388793326 0.0092033662891352862 -0.055615077170760377 0.033640895527114162 0.053803082154553684 -0.035671430147476368 -0.033897785036426563 -0.098866446706035241 0.035522980589584745 0.021254521197843174
leaf_weight=13.608230128884317 831.63468962162733 16.42057936266065 3102.2340902090073 40.673101209104061 359.97972664237022 3.0241545923054209 41.338730994611979 1.4121117554604996 30.798276573419571 4.7851716428995124 883.3444210588932 7.1974503546953192 5.5666376948356655 20.028686419129372 6.2269039303064329 114.7564584761858 38.762440428137779 4.958410218358039 7.3437735140323639 283.61966489627957 2.1862729713320723 33.773226320743561 1.8278545439243314 30.089015237987041 1.4415843524038816 3.3614052422344676 4.0003265738487235 2.9453442096710205 2.7755599953234196 9.2495647892355901
leaf_count=59 6780 245 13845 649 5806 47 666 24 129 20 3789 32 24 85 28 509 174 21 33 4350 33 538 28 483 22 54 64 44 45 145
internal_value=2.53596e-05 0.00563151 -0.00279712 0.012283 0.0169225 0.00312632 0.00645091 -0.0133013 0.000665781 -0.000734832 -0.00146876 0.00658808 0.0104787 0.0134653 -0.0116788 0.0115593 -0.00434635 -0.0218934 0.00256299 0.00728721 0.0135696 0.00186236 -0.0346532 0.0187448 0.0114771 0.0195403 -0.00865469 -0.0486979 -0.000664747 0.00460327
internal_weight=5909.36 1975.5 3933.87 838.118 422.175 62.1956 59.1714 17.8327 1137.38 918.928 888.13 218.449 161.12 141.983 19.1373 134.785 57.3291 18.5666 13.5707 415.943 132.323 40.5629 6.78969 91.7603 61.6713 44.0345 17.6368 4.38693 4.60341 13.2499
internal_count=38771 18146 20625 13243 6788 982 935 269 4903 3938 3809 965 711 626 85 594 254 80 61 6455 2105 644 106 1461 978 703 275 66 73 209
cat_boundaries=0 1 2 3 4 5 6
cat_threshold=22048896 17 34275908 17825920 1 2
is_linear=0
shrinkage=0.05


Tree=70
num_leaves=31
num_cat=4
split_feature=6 6 0 7 0 0 2 8 9 7 0 0 0 0 8 0 0 0 8 0 7 7 0 0 7 0 0 0 0 0
split_gain=11.7459 5.14565 3.84802 5.3551 4.51443 4.36388 3.997 4.48248 4.62671 6.3532 3.9986 5.46668 6.1419 3.83338 3.79915 3.74084 4.16738 7.69854 4.03949 5.68027 4.80318 4.34339 3.90534 5.85089 3.74396 4.66831 3.67794 3.30685 6.72194 5.95044
threshold=0 1 2177138.5000000005 12.500000000000002 346596.50000000006 342032.00000000006 2 1.5000000000000002 3 8.5000000000000018 85458.000000000015 42787.500000000007 45566.500000000007 92310.000000000015 2.5000000000000004 1474930.5000000002 1021556.0000000001 968814.50000000012 3.5000000000000004 1186178.0000000002 12.500000000000002 8.5000000000000018 912656.00000000012 759089.00000000012 3.5000000000000004 869947.00000000012 558903.50000000012 48483.000000000007 43425.500000000007 49840.000000000007
decision_type=9 9 2 2 2 2 1 2 1 2 2 2 2 2 2 2 2 2 2 2 2 2 2 2 2 2 2 2 2 2
left_child=2 15 4 -4 5 6 7 8 9 -1 11 -10 -13 -12 -7 16 17 22 19 21 -21 -18 23 -2 -25 -26 -6 28 -3 -29
right_child=1 27 3 -5 26 14 -8 -9 10 -11 13 12 -14 -15 -16 -17 18 -19 -20 20 -22 -23 -24 24 25 -27 -28 29 -30 -31
leaf_value=-0.039767938331982104 -0.00028103080057776699 -0.0063326513436484533 0.014427958224116858 -0.065296928386819345 0.012419662634737406 0.0053343550927024619 0.00070507407797075667 0.0084742898618924943 0.01073397809722549 0.0005576441597046082 0.055510316166357578 -0.084237746752068576 -0.010209231011657702 0.009309585754687268 -0.058555616333169407 0.018167554588136139 0.011205469861549905 0.040786941630867955 -0.03653464075970754 -0.0093724872638106371 0.051717930462725152 -0.050117351411598669 -0.027995667920745648 0.050655024021070243 0.02393303488708309 -0.015259280243842994 0.0031724028169062982 0.036548957685628297 -0.033586918727063597 -0.0033187437938287587
leaf_weight=16.289606012403965 2659.7201707661152 154.06097848713398 3.7843255475163442 4.7501665763556957 237.90172382816672 4.0626310855150205 1013.0670840479434 462.31973414123058 37.103549141436815 24.393566574901342 4.8515548110008231 2.9865518957376471 45.304483614861965 60.208999872207642 5.4458306506276131 28.06674399971962 4.5244513899087924 11.553004026412962 15.139326035976408 6.844697952270506 6.0716969966888428 7.9810408502817154 12.502657294273375 7.4249171763658515 24.116295009851456 11.092820167541502 196.21152204275131 9.4699901863932592 26.517934091389179 801.23468074202538
leaf_count=139 11270 1273 36 37 2151 39 8875 4236 335 205 47 28 394 569 42 133 20 50 66 30 27 34 54 33 104 48 1774 77 222 6417
internal_value=0.000572256 -0.00109689 0.00354365 -0.0299457 0.00369589 0.00251889 0.00271161 0.00572399 -0.000628888 -0.0155888 0.00341628 -0.00369854 -0.0147875 0.0127548 -0.0312577 5.38788e-06 -0.00017882 5.78582e-05 -0.0160877 -0.00391105 0.0193447 -0.0279309 -0.000115463 1.35266e-05 0.0183895 0.0115853 0.00824006 -0.00417389 -0.0103349 -0.00285304
internal_weight=5905 3786.32 2118.68 8.53449 2110.15 1676.03 1666.53 653.458 191.138 40.6832 150.455 85.3946 48.291 65.0606 9.50846 2795.04 2766.97 2726.41 40.5612 25.4219 12.9164 12.5055 2714.86 2702.35 42.634 35.2091 434.113 991.284 180.579 810.705
internal_count=38765 19858 18907 73 18834 14909 14828 5953 1717 344 1373 757 422 616 81 11869 11736 11559 177 111 57 54 11509 11455 185 152 3925 7989 1495 6494
cat_boundaries=0 1 2 3 4
cat_threshold=8 17 49 4
is_linear=0
shrinkage=0.05


Tree=71
num_leaves=31
num_cat=6
split_feature=5 6 5 5 0 4 7 4 8 7 2 0 7 8 0 2 7 4 7 0 4 7 4 0 0 8 0 0 0 0
split_gain=28.5324 20.3696 7.05965 5.25712 4.21036 4.65959 4.80049 4.38811 10.4135 4.4632 4.21592 7.59581 5.01682 7.97935 5.74002 4.2012 4.01194 3.7494 3.74936 3.79864 6.04786 4.04064 7.21774 7.92098 4.40105 3.71572 6.09162 3.95481 3.68299 3.68788
threshold=0 1 2 3 175344.00000000003 9.5000000000000018 7.5000000000000009 5.5000000000000009 1.5000000000000002 13.500000000000002 4 626210.00000000012 5.5000000000000009 4.5000000000000009 327913.50000000006 5 3.5000000000000004 7.5000000000000009 17.500000000000004 56986.000000000007 7.5000000000000009 13.500000000000002 5.5000000000000009 43425.500000000007 54454.500000000007 3.5000000000000004 33942.500000000007 29808.000000000004 61927.000000000007 69048.500000000015
decision_type=9 9 9 9 2 2 2 2 2 2 1 2 2 2 2 1 2 2 2 2 2 2 2 2 2 2 2 2 2 2
left_child=1 -1 4 15 -2 7 -7 -6 9 -9 11 16 13 14 -12 25 -10 -13 19 20 21 24 23 -23 -17 -3 27 -27 -20 -30
right_child=2 3 -4 -5 5 6 -8 8 10 -11 12 17 -14 -15 -16 18 -18 -19 28 -21 -22 22 -24 -25 -26 26 -28 -29 29 -31
leaf_value=-0.0016683667439482562 -0.0013640496365530958 0.03219097257876187 -0.003756276864332329 0.0073325030181271194 0.0039916188229736464 0.05759607223267154 0.010670570710618856 -0.025775655152165552 0.044433883958911617 -0.0042400894138685651 -0.057537319680792426 -0.038964656911173491 0.0027517261808760233 0.010501384365104996 -0.010975160150679314 0.0014455742336421601 0.013511466405742868 0.011955166793506819 0.042016370650046556 0.011989578578861251 0.039036388888693319 0.03041725328117565 -0.10096186417815739 -0.08800970563608343 -0.089265134360099738 -0.01184073285654904 0.021122214835678201 -0.11399668236684418 -0.054135343442842022 0.017733960178713377
leaf_weight=425.88302785903215 1680.6906786262989 84.191443391144276 1752.3988205939531 411.35812353715301 833.55881950259209 7.2040577530860928 22.38589271903038 55.871471300721169 12.773662030696867 42.253671735525131 13.079578161239626 9.5573909580707532 127.59386445581913 16.287614375352859 13.399978682398794 28.586379028856758 58.655062735080719 5.8145669847726813 17.034491706639528 155.11270683258772 6.8572492003440848 4.2269557639956457 3.2290771007537842 2.1201442740857601 1.402761373668908 4.567557416856288 52.536582600325346 1.1953530423343179 1.8568805530667294 46.089629277586937
leaf_count=2113 7112 1393 11128 6453 3606 32 97 236 54 180 55 41 542 69 57 439 250 25 269 2555 112 62 50 36 25 71 886 21 31 765
internal_value=0.00054476 0.00723104 -0.00125948 0.0118155 0.000257446 0.00249623 0.0220952 0.00200841 -0.0026445 -0.0165022 0.00264319 0.0109215 -0.00209294 -0.0170362 -0.0339745 0.0160417 0.0190413 -0.0197038 0.0111821 0.00823424 -0.00431355 -0.0118267 -0.0401031 -0.00914132 -0.00279748 0.0238017 0.0157693 -0.0330301 0.0220458 0.0149506
internal_weight=5897.77 1246.25 4651.53 820.365 2899.13 1218.44 29.59 1188.85 355.287 98.1251 257.162 86.8007 170.361 42.7672 26.4796 409.007 71.4287 15.372 266.516 201.535 46.4226 39.5653 9.57618 6.3471 29.9891 142.491 58.2995 5.76291 64.981 47.9465
internal_count=38765 15281 23484 13168 12356 5244 129 5115 1509 416 1093 370 723 181 112 6715 304 66 4344 3279 724 612 148 98 464 2371 978 92 1065 796
cat_boundaries=0 1 2 3 4 5 6
cat_threshold=22028417 18 134533384 17825920 17 56
is_linear=0
shrinkage=0.05


Tree=72
num_leaves=31
num_cat=14
split_feature=5 6 5 5 2 7 1 7 5 9 3 9 2 5 7 7 7 4 7 4 4 7 9 5 4 7 7 7 4 9
split_gain=25.9563 18.6891 6.38276 4.90517 3.99592 3.51133 3.17364 3.09087 3.9962 4.83038 3.47793 6.66806 4.02606 4.34648 5.04215 6.51722 4.59143 9.15275 11.5463 3.75969 3.66354 3.5418 3.42914 3.39991 3.44348 3.24365 2.97339 4.52252 3.9477 3.0336
threshold=0 1 2 3 4 17.500000000000004 5 22.500000000000004 6 7 1.0000000180025095e-35 8 9 10 8.5000000000000018 7.5000000000000009 3.5000000000000004 5.5000000000000009 20.500000000000004 6.5000000000000009 6.5000000000000009 19.500000000000004 11 12 5.5000000000000009 20.500000000000004 19.500000000000004 21.500000000000004 7.5000000000000009 13
decision_type=9 9 9 9 1 2 1 2 9 1 2 1 1 9 2 2 2 2 2 2 2 2 1 9 2 2 2 2 2 1
left_child=1 -1 -2 4 -3 6 -6 10 -9 -10 11 -4 23 16 15 20 19 18 -18 -14 22 -13 -15 26 -25 -26 28 -28 -12 -30
right_child=2 3 7 -5 5 -7 -8 8 9 -11 12 21 13 14 -16 -17 17 -19 -20 -21 -22 -23 -24 24 25 -27 27 -29 29 -31
leaf_value=-0.0015865959780974092 0.00024495372009402104 0.023100661035426583 -0.013861761783483119 0.0070189209989135097 0.0017758339459437154 0.021362010129260159 0.014804072829707826 0.015498661237467584 0.021782894556955743 -0.020845701870321521 -0.028503973665516075 -0.0050872941652140725 0.0049708761388948513 -0.014485618534416043 0.0010445198915667263 -0.043025708398625261 0.020671542814656121 -0.005061205612096966 -0.038019522745548991 0.03074293501009644 -0.017111068726032616 0.0076612082383966445 0.008926145129174291 0.0046526407499459235 -0.005555694870585568 -0.030415407345189629 0.031568512365332285 -0.041700283865976399 0.026088454624778191 -0.016319530929916216
leaf_weight=425.95424431562424 2898.7039420306683 139.38160325214267 223.36628518253565 408.7639918923378 118.96268516406417 63.758125871419907 81.165785107761621 37.575534082949162 9.3948609977960587 22.706816621124744 48.917987003922462 390.65945810824633 29.570210926234722 24.762975282967091 211.39530128240585 14.457364611327646 80.651523470878601 174.29497136175632 9.3515702560543996 27.138893820345402 54.859015628695488 63.310185857117176 42.457782864570618 85.519880332052708 157.98583635687828 14.309967711567877 6.6798917502164823 3.0759310349822044 6.5109063386917114 11.969236224889757
leaf_count=2113 12356 2371 1421 6453 1941 1065 1338 183 79 187 407 2443 184 158 1353 91 516 1130 62 174 357 402 270 494 898 85 55 26 53 100
internal_value=0.000519815 0.00692239 -0.00119721 0.0113508 0.0154656 0.0107367 0.00788814 -0.0035726 0.00672623 -0.00638198 -0.00402067 -0.00678927 -0.0021527 0.00013429 -0.00368687 -0.0112823 0.00426222 0.00162508 0.0145734 0.0173044 -0.00752311 -0.0033094 0.000301653 -0.00652896 -0.0034168 -0.00762041 -0.0153432 0.00846746 -0.0210663 -0.00137839
internal_weight=5887.61 1237.99 4649.63 812.032 403.268 263.887 200.128 1750.92 69.6772 32.1017 1681.25 677.336 1003.91 668.94 347.932 136.537 321.007 264.298 90.0031 56.7091 122.08 453.97 67.2208 334.97 257.816 172.296 77.154 9.75582 67.3981 18.4801
internal_count=38765 15281 23484 13168 6715 4344 3279 11128 449 266 10679 4266 6413 4295 2229 876 2066 1708 578 358 785 2845 428 2118 1477 983 641 81 560 153
cat_boundaries=0 1 2 3 4 5 6 7 8 9 10 11 12 13 14
cat_threshold=22028417 18 134533384 17825920 56 4 67110400 1 1 12 67633220 4 524804 2
is_linear=0
shrinkage=0.05


Tree=73
num_leaves=31
num_cat=5
split_feature=6 6 0 0 3 0 1 4 2 0 8 9 4 4 0 0 0 0 8 0 0 0 4 3 0 0 0 0 0 8
split_gain=8.82853 3.82316 3.46929 3.9997 3.96224 3.92141 3.66667 6.77594 3.8079 4.20916 3.95152 4.75941 3.93489 5.44096 3.47062 3.38536 3.74587 7.01472 3.63461 5.11452 3.48993 5.21608 4.54542 3.28051 9.77789 5.21223 5.67446 4.97101 4.41775 4.60457
threshold=0 1 2177138.5000000005 346596.50000000006 1.0000000180025095e-35 342032.00000000006 2 1.5000000000000002 3 15073.000000000002 1.5000000000000002 4 7.5000000000000009 8.5000000000000018 377032.50000000006 1474930.5000000002 1021556.0000000001 968814.50000000012 3.5000000000000004 1186178.0000000002 912656.00000000012 759089.00000000012 5.5000000000000009 1.0000000180025095e-35 244969.00000000003 230715.00000000003 332476.50000000006 19691.000000000004 44178.500000000007 5.5000000000000009
decision_type=9 9 2 2 2 2 1 2 1 2 2 1 2 2 2 2 2 2 2 2 2 2 2 2 2 2 2 2 2 2
left_child=2 15 3 5 -4 6 7 -1 9 -8 11 12 -11 -14 -5 16 17 20 19 -18 21 -2 -23 24 27 -25 -27 -12 -29 -30
right_child=1 -3 4 14 -6 -7 8 -9 -10 10 23 -13 13 -15 -16 -17 18 -19 -20 -21 -22 22 -24 25 -26 26 -28 28 29 -31
leaf_value=-0.053754607966116336 -0.00026786714340891129 -0.003612384452150218 0.016668053704780316 0.020407911413492002 -0.054101545891673521 -0.029774187772126655 0.043077134567422445 -0.003694984337638089 0.00088667816890019451 0.015370617215457245 -0.064011079827065789 -0.0069190198794591082 -0.057274398723749023 0.017052627804867385 0.0059681146437777291 0.017345547462996987 -0.026308685397464365 0.03915051024407331 -0.034506575260425359 0.018560504613581007 -0.026376206954302601 0.027393017976866597 -0.0094615882889335663 0.015126928939387408 0.033125092904893953 -0.0093014831028234504 0.06726031116209101 0.017294307283292201 5.1592913803954025e-05 -0.025360550053925408
leaf_weight=7.3354318737983695 2659.7655967175961 982.78929817676544 3.0908048115670663 46.696615919470787 5.4925215467810631 9.579016759991644 7.5839992910623542 86.14314029365778 952.97178013250232 54.672260165214539 3.1326219700276843 112.03336565941572 4.7749950215220434 5.0834230147302151 382.20720135420561 27.854151874780655 12.573647201061251 11.423434406518934 15.27619683742523 12.833396911621092 12.590456351637838 30.899272009730339 11.472531691193579 207.25509165972471 23.285045713186264 38.128245234489441 2.5841660872101775 28.582966957241297 97.615119628608227 21.80812356621027
leaf_count=42 11270 7989 32 434 41 81 77 546 8537 533 32 1006 40 48 3491 133 54 50 66 57 54 136 49 2030 229 351 22 258 870 207
internal_value=0.00049996 -0.000945845 0.00309039 0.0032353 -0.0286178 0.00212472 0.00230957 -0.00688655 0.00288645 0.00596307 0.00559269 -0.000688781 0.0101277 -0.0189482 0.00754024 1.41599e-06 -0.000173185 5.15587e-05 -0.0152331 -0.00364473 -0.000112968 9.40446e-06 0.0174143 0.00821841 0.00296456 0.011914 -0.00444183 -0.00168209 -0.000362871 -0.00458897
internal_weight=5877.53 3777.48 2100.06 2091.47 8.58333 1662.57 1652.99 93.4786 1559.51 606.539 598.955 176.564 64.5307 9.85842 428.904 2794.69 2766.83 2726.15 40.6832 25.407 2714.73 2702.14 42.3718 422.391 174.424 247.968 40.7124 151.139 148.006 119.423
internal_count=38765 19858 18907 18834 73 14909 14828 588 14240 5703 5626 1627 621 88 3925 11869 11736 11559 177 111 11509 11455 185 3999 1596 2403 373 1367 1335 1077
cat_boundaries=0 1 2 3 4 5
cat_threshold=8 17 8 49 2
is_linear=0
shrinkage=0.05


Tree=74
num_leaves=31
num_cat=10
split_feature=5 6 5 5 2 0 0 4 0 0 0 0 5 0 4 1 0 0 2 0 0 4 4 0 0 4 5 0 9 0
split_gain=23.1498 16.6483 5.68174 4.6716 3.78781 3.53428 4.42284 5.71087 3.45768 3.32431 3.32044 9.58388 5.3985 7.79947 3.36335 3.06341 3.31888 3.04832 3.61404 3.18225 4.25697 4.13148 2.98367 4.23771 4.78814 3.39949 3.32814 5.47858 5.89662 4.53047
threshold=0 1 2 3 4 139077.50000000003 147504.50000000003 7.5000000000000009 826995.50000000012 1087860.0000000002 73122.000000000015 75002.000000000015 5 69984.000000000015 7.5000000000000009 6 277711.00000000006 64613.000000000007 7 37515.000000000007 16555.500000000004 5.5000000000000009 9.5000000000000018 192243.50000000003 260259.00000000003 5.5000000000000009 8 214525.00000000003 9 185287.50000000003
decision_type=9 9 9 9 1 2 2 2 2 2 2 2 9 2 2 1 2 2 1 2 2 2 2 2 2 2 9 2 1 2
left_child=1 -1 5 4 -3 -2 7 -7 10 -10 12 -12 17 14 -14 16 -6 18 19 20 -4 -22 25 -24 -25 -8 27 28 29 -27
right_child=2 3 8 -5 15 6 22 -9 9 -11 11 -13 13 -15 -16 -17 -18 -19 -20 -21 21 -23 23 24 -26 26 -28 -29 -30 -31
leaf_value=-0.0014643890151814422 -0.0015468235278835263 0.022310097441011593 -0.026684764890820035 0.0065562621563679717 0.0089681587955635685 0.0097528147879882288 0.0026713210658423324 0.058680915979427262 -0.027736645701933207 -0.0049183639722797795 0.039073775661391828 -0.0020388647023419407 -0.012263744203909492 -0.053307824826918294 0.0034540444915418275 0.016899346234921491 -0.0091169206962996904 0.015094680333189715 -0.0079611450845104136 -0.0034520305290756518 0.0392183847713043 0.0048277832452701614 -0.023544322914310731 0.063040580542694444 0.013148555055579884 -0.023125788922635709 -0.007451230398396862 -0.0031381502776180511 0.026137236334160707 0.020832178530898703
leaf_weight=425.83224464952946 1488.6310021728277 136.00215098634362 5.1358007863163939 404.97886481508613 123.25363206118345 43.753260038793087 967.13154716789722 6.9050284773111335 28.127299748361111 36.903283759951591 14.360904388129709 1096.4966282173991 214.01130451261997 10.716869674623011 40.471735797822475 105.71352179348469 31.942810039967299 27.305090397596359 118.9131938368082 46.030898049473763 17.512145631015301 17.420271314680576 5.7013400942087165 6.0842041224241283 22.941920801997185 14.441283345222475 187.65198090672493 177.95460712909698 38.709906369447708 9.8659122586250287
leaf_count=2113 6397 2371 32 6453 2027 191 4270 31 169 228 92 6872 1418 73 267 1781 536 174 744 289 106 106 26 28 102 62 826 771 168 42
internal_value=0.000475891 0.00655189 -0.00114234 0.0107744 0.0148114 0.000173129 0.00190295 0.016422 -0.00346405 -0.0147878 -0.00302774 -0.00150737 -0.00642242 -0.011105 -0.00976406 0.0102234 0.0049283 -0.000574385 -0.00268933 0.00494231 0.0158193 0.0220683 0.00138878 0.0158656 0.0236065 0.00102858 -0.00267803 0.0012945 0.0140173 -0.00528393
internal_weight=5870.9 1227.72 4643.18 801.891 396.912 2969.77 1481.14 50.6583 1673.41 65.0306 1608.37 1110.86 497.517 265.2 254.483 260.91 155.196 232.317 205.012 86.0991 40.0682 34.9324 1430.48 34.7275 29.0261 1395.76 428.624 240.972 63.0171 24.3072
internal_count=38765 15281 23484 13168 6715 12914 6517 222 10570 397 10173 6964 3209 1758 1685 4344 2563 1451 1277 533 244 212 6295 156 130 6139 1869 1043 272 104
cat_boundaries=0 1 2 3 4 5 6 7 8 9 10
cat_threshold=22028417 18 134535432 17825920 56 33752128 4 20 134222088 4
is_linear=0
shrinkage=0.05


end of trees

feature_importances:
amount_paise=724
hour_of_day=403
initial_failure_code=270
customer_ltv_decile=254
day_of_week=208
merchant_id=99
initial_failure_class=92
bank=91
method=70
is_returning_customer=39

parameters:
[boosting: gbdt]
[objective: binary]
[metric: auc]
[tree_learner: serial]
[device_type: cpu]
[data_sample_strategy: bagging]
[data: ]
[valid: ]
[num_iterations: 500]
[learning_rate: 0.05]
[num_leaves: 31]
[num_threads: 0]
[seed: 42]
[deterministic: 0]
[force_col_wise: 0]
[force_row_wise: 0]
[histogram_pool_size: -1]
[max_depth: -1]
[min_data_in_leaf: 20]
[min_sum_hessian_in_leaf: 0.001]
[bagging_fraction: 0.8]
[pos_bagging_fraction: 1]
[neg_bagging_fraction: 1]
[bagging_freq: 5]
[bagging_seed: 400]
[bagging_by_query: 0]
[feature_fraction: 0.8]
[feature_fraction_bynode: 1]
[feature_fraction_seed: 30056]
[extra_trees: 0]
[extra_seed: 12879]
[early_stopping_round: 0]
[early_stopping_min_delta: 0]
[first_metric_only: 0]
[max_delta_step: 0]
[lambda_l1: 0]
[lambda_l2: 0]
[linear_lambda: 0]
[min_gain_to_split: 0]
[drop_rate: 0.1]
[max_drop: 50]
[skip_drop: 0.5]
[xgboost_dart_mode: 0]
[uniform_drop: 0]
[drop_seed: 17869]
[top_rate: 0.2]
[other_rate: 0.1]
[min_data_per_group: 100]
[max_cat_threshold: 32]
[cat_l2: 10]
[cat_smooth: 10]
[max_cat_to_onehot: 4]
[top_k: 20]
[monotone_constraints: ]
[monotone_constraints_method: basic]
[monotone_penalty: 0]
[feature_contri: ]
[forcedsplits_filename: ]
[refit_decay_rate: 0.9]
[cegb_tradeoff: 1]
[cegb_penalty_split: 0]
[cegb_penalty_feature_lazy: ]
[cegb_penalty_feature_coupled: ]
[path_smooth: 0]
[interaction_constraints: ]
[verbosity: -1]
[saved_feature_importance_type: 0]
[use_quantized_grad: 0]
[num_grad_quant_bins: 4]
[quant_train_renew_leaf: 0]
[stochastic_rounding: 1]
[linear_tree: 0]
[max_bin: 255]
[max_bin_by_feature: ]
[min_data_in_bin: 3]
[bin_construct_sample_cnt: 200000]
[data_random_seed: 175]
[is_enable_sparse: 1]
[enable_bundle: 1]
[use_missing: 1]
[zero_as_missing: 0]
[feature_pre_filter: 1]
[pre_partition: 0]
[two_round: 0]
[header: 0]
[label_column: ]
[weight_column: ]
[group_column: ]
[ignore_column: ]
[categorical_feature: 1,2,5,6,9]
[forcedbins_filename: ]
[precise_float_parser: 0]
[parser_config_file: ]
[objective_seed: 16083]
[num_class: 1]
[is_unbalance: 0]
[scale_pos_weight: 1]
[sigmoid: 1]
[boost_from_average: 1]
[reg_sqrt: 0]
[alpha: 0.9]
[fair_c: 1]
[poisson_max_delta_step: 0.7]
[tweedie_variance_power: 1.5]
[lambdarank_truncation_level: 30]
[lambdarank_norm: 1]
[label_gain: ]
[lambdarank_position_bias_regularization: 0]
[eval_at: ]
[multi_error_top_k: 1]
[auc_mu_weights: ]
[num_machines: 1]
[local_listen_port: 12400]
[time_out: 120]
[machine_list_filename: ]
[machines: ]
[gpu_platform_id: -1]
[gpu_device_id: -1]
[gpu_device_id_list: ]
[gpu_use_dp: 0]
[num_gpu: 1]

end of parameters

pandas_categorical:[["card", "netbanking", "upi", "wallet"], ["AXIS", "HDFC", "ICICI", "KOTAK", "SBI", "YESB"], ["ACCOUNT_CLOSED", "ACQUIRER_TIMEOUT", "AUTH_FAILED", "BALANCE_EXCEEDED", "BANK_DOWN", "BANK_UNAVAILABLE", "CARD_EXPIRED", "CONNECTION_RESET", "DECLINED", "DO_NOT_HONOR", "ERROR_99", "EXPIRED_INSTRUMENT", "GATEWAY_ERROR", "GATEWAY_TIMEOUT", "INSUFFICIENT_FUNDS", "INTERNAL_ERROR", "INVALID_ACCOUNT", "INVALID_CREDS", "LIMIT_EXCEEDED", "MPIN_INVALID", "NETWORK_ERROR", "RAIL_DOWN", "RESPONSE_TIMEOUT", "SWITCH_OFFLINE", "TIMEOUT", "TOKEN_REVOKED", "TRANSACTION_FAILED", "UNKNOWN"], ["CUSTOMER_SPECIFIC", "PERMANENT", "SYSTEMIC", "TEMPORARY", "UNKNOWN"], ["1693e3dc-cfa6-5c9d-87f3-2e0f0144a18c", "62206389-fa06-53d7-8d5c-81719d5e515e", "c0aa4e91-dace-5379-85ba-f9d65e33bbfb"]]
